OBJECTID,ACCIDENT_NO,ACCIDENT_STATUS,ACCIDENT_DATE,ALCOHOLTIME,ACCIDENT_TYPE,DAY_OF_WEEK,DCA_CODE,HIT_RUN_FLAG,LIGHT_CONDITION,POLICE_ATTEND,ROAD_GEOMETRY,SEVERITY,SPEED_ZONE,RUN_OFFROAD,LONGITUDE,LATITUDE,NODE_TYPE,LGA_NAME,REGION_NAME,TOTAL_PERSONS,INJ_OR_FATAL,FATALITY,SERIOUSINJURY,OTHERINJURY,NONINJURED,MALES,FEMALES,BICYCLIST,PASSENGER,DRIVER,PEDESTRIAN,PILLION,MOTORIST,UNKNOWN,PED_CYCLIST_5_12,PED_CYCLIST_13_18,OLD_PEDESTRIAN,OLD_DRIVER,YOUNG_DRIVER,UNLICENCSED,NO_OF_VEHICLES,HEAVYVEHICLE,PASSENGERVEHICLE,MOTORCYCLE,PUBLICVEHICLE,DEG_URBAN_NAME,DEG_URBAN_ALL,LGA_NAME_ALL,REGION_NAME_ALL,SRNS_ALL,RMA,RMA_ALL,STAT_DIV_NAME,Year,ALCOHOL_RELATED,Month
3474002,T20190000491,Finished,9/1/2019,No,Collision with vehicle,Tuesday,REAR END(VEHICLES IN SAME LANE),No,Day,Yes,T intersection,Other injury accident,60 km/hr,No,144.98888,-38.33648,Intersection,MORNINGTON,METROPOLITAN SOUTH EAST REGION,2,1,0,0,1,1,1,1,0,0,2,0,0,0,0,0,0,0,0,1,1,2,1,1,0,0,RURAL_VICTORIA,RURAL_VICTORIA,MORNINGTON PENINSULA,METROPOLITAN SOUTH EAST REGION,,Local Road,Local Road,Metro,2019,0,1
3474003,T20190000495,Finished,9/1/2019,No,Collision with vehicle,Tuesday,REAR END(VEHICLES IN SAME LANE),No,Day,Yes,Not at intersection,Serious injury accident,70 km/hr,No,145.16676,-37.8747,Non-Intersection,MONASH,METROPOLITAN SOUTH EAST REGION,4,1,0,1,0,3,3,1,0,1,3,0,0,0,0,0,0,0,0,1,0,3,0,3,0,0,MELB_URBAN,MELB_URBAN,MONASH,METROPOLITAN SOUTH EAST REGION,,Arterial Highway,Arterial Highway,Metro,2019,0,1
3474004,T20190000496,Finished,9/1/2019,No,Collision with vehicle,Tuesday,LANE CHANGE LEFT (NOT OVERTAKING),No,Day,Yes,Not at intersection,Other injury accident,60 km/hr,No,144.97113,-37.85442,Non-Intersection,PORT PHILLIP,METROPOLITAN NORTH WEST REGION,2,1,0,0,1,1,2,0,1,0,1,0,0,0,0,0,0,0,0,0,0,2,0,1,0,0,MELB_URBAN,MELB_URBAN,PORT PHILLIP,METROPOLITAN NORTH WEST REGION,,Arterial Other,Arterial Other,Metro,2019,0,1
3474005,T20190000497,Finished,9/1/2019,No,Collision with vehicle,Tuesday,RIGHT THROUGH,No,Day,Yes,Not at intersection,Other injury accident,60 km/hr,No,144.97908,-37.41686,Non-Intersection,MITCHELL,NORTHERN REGION,2,2,0,0,2,0,0,2,0,0,2,0,0,0,0,0,0,0,0,0,0,2,0,2,0,0,TOWNS,TOWNS,MITCHELL,NORTHERN REGION,B,Arterial Highway,Arterial Highway,Country,2019,0,1
3474006,T20190000498,Finished,9/1/2019,No,Collision with vehicle,Wednesday,HEAD ON (NOT OVERTAKING),No,Day,Yes,Not at intersection,Other injury accident,60 km/hr,No,145.22977,-37.76706,Non-Intersection,MANNINGHAM,METROPOLITAN SOUTH EAST REGION,3,2,0,0,2,1,0,3,0,0,3,0,0,0,0,0,0,0,0,0,0,3,0,3,0,0,MELB_URBAN,"RURAL_VICTORIA,MELB_URBAN",MANNINGHAM,METROPOLITAN SOUTH EAST REGION,,Arterial Other,Arterial Other,Metro,2019,0,1
3474007,T20190000501,Finished,9/1/2019,No,collision with some other object,Tuesday,STRUCK OBJECT ON CARRIAGEWAY,No,Day,Yes,Not at intersection,Serious injury accident,100 km/hr,No,146.36855,-36.09292,Non-Intersection,INDIGO,NORTH EASTERN REGION,1,1,0,1,0,0,1,0,0,0,0,0,0,1,0,0,0,0,0,0,0,1,0,0,1,0,RURAL_VICTORIA,RURAL_VICTORIA,INDIGO,NORTH EASTERN REGION,,Local Road,Local Road,Country,2019,0,1
3474009,T20190000979,Finished,14/1/2019,Yes,Collision with vehicle,Sunday,LANE CHANGE LEFT (NOT OVERTAKING),No,Day,No,Not at intersection,Other injury accident,60 km/hr,No,144.97872,-37.84425,Non-Intersection,MELBOURNE,METROPOLITAN NORTH WEST REGION,2,1,0,0,1,1,1,1,1,0,1,0,0,0,0,0,0,0,0,0,0,2,0,1,0,0,MELB_URBAN,MELB_URBAN,MELBOURNE,METROPOLITAN NORTH WEST REGION,,Arterial Other,Arterial Other,Metro,2019,0,1
3474010,T20190000986,Finished,17/1/2019,Yes,Collision with vehicle,Thursday,RIGHT NEAR (INTERSECTIONS ONLY),No,Unk.,No,T intersection,Other injury accident,60 km/hr,No,143.84943,-37.54996,Intersection,BALLARAT,WESTERN REGION,2,1,0,0,1,1,2,0,1,0,1,0,0,0,0,0,0,0,0,0,0,2,0,1,0,0,LARGE_PROVINCIAL_CITIES,LARGE_PROVINCIAL_CITIES,BALLARAT,WESTERN REGION,C,Arterial Other,"Arterial Other,Local Road",Country,2019,0,1
3474011,T20190000987,Finished,17/1/2019,No,Collision with a fixed object,Thursday,LEFT OFF CARRIAGEWAY INTO OBJECT/PARKED VEHICLE,No,Day,Yes,Not at intersection,Fatal accident,100 km/hr,Yes,143.51499,-37.04745,Non-Intersection,PYRENEES,WESTERN REGION,1,1,1,0,0,0,1,0,0,0,1,0,0,0,0,0,0,0,0,0,1,1,0,1,0,0,RURAL_VICTORIA,RURAL_VICTORIA,PYRENEES,WESTERN REGION,,Local Road,Local Road,Country,2019,0,1
3474012,T20190000988,Finished,17/1/2019,No,No collision and no object struck,Thursday,OUT OF CONTROL ON CARRIAGEWAY (ON STRAIGHT),No,Day,Yes,Not at intersection,Serious injury accident,80 km/hr,No,144.9626,-37.82689,Non-Intersection,MELBOURNE,METROPOLITAN NORTH WEST REGION,1,1,0,1,0,0,1,0,0,0,0,0,0,1,0,0,0,0,0,0,0,1,0,0,1,0,MELB_URBAN,MELB_URBAN,MELBOURNE,METROPOLITAN NORTH WEST REGION,M,Freeway,Freeway,Metro,2019,0,1
3474013,T20190000989,Finished,17/1/2019,No,Collision with vehicle,Thursday,RIGHT NEAR (INTERSECTIONS ONLY),Not known,Day,Yes,T intersection,Other injury accident,60 km/hr,No,144.95493,-37.80848,Intersection,MELBOURNE,METROPOLITAN NORTH WEST REGION,2,1,0,0,1,1,1,1,0,0,1,0,0,1,0,0,0,0,0,0,0,2,0,1,1,0,MELB_URBAN,MELB_URBAN,MELBOURNE,METROPOLITAN NORTH WEST REGION,,Arterial Other,"Arterial Other,Local Road",Metro,2019,0,1
3474014,T20190000990,Finished,17/1/2019,No,Collision with vehicle,Wednesday,CROSS TRAFFIC(INTERSECTIONS ONLY),No,Day,Yes,Cross intersection,Other injury accident,60 km/hr,No,145.17629,-37.89026,Intersection,MONASH,METROPOLITAN SOUTH EAST REGION,2,1,0,0,1,1,2,0,0,0,1,0,0,1,0,0,0,0,0,0,0,2,0,1,1,0,MELB_URBAN,MELB_URBAN,MONASH,METROPOLITAN SOUTH EAST REGION,,Arterial Other,"Arterial Other,Local Road",Metro,2019,0,1
3474015,T20190000993,Finished,17/1/2019,No,Collision with vehicle,Wednesday,HEAD ON (NOT OVERTAKING),No,Day,Yes,Multiple intersection,Other injury accident,60 km/hr,No,143.86825,-37.54468,Non-Intersection,BALLARAT,WESTERN REGION,2,1,0,0,1,1,2,0,0,0,2,0,0,0,0,0,0,0,0,0,0,2,0,2,0,0,LARGE_PROVINCIAL_CITIES,LARGE_PROVINCIAL_CITIES,BALLARAT,WESTERN REGION,,Local Road,Local Road,Country,2019,0,1
3474016,T20190000995,Finished,17/1/2019,No,Collision with vehicle,Thursday,REAR END(VEHICLES IN SAME LANE),No,Day,Yes,Cross intersection,Other injury accident,60 km/hr,No,145.02636,-37.63768,Intersection,WHITTLESEA,METROPOLITAN NORTH WEST REGION,5,3,0,0,3,2,4,1,0,1,4,0,0,0,0,0,0,0,0,1,0,4,0,4,0,0,MELB_URBAN,MELB_URBAN,WHITTLESEA,METROPOLITAN NORTH WEST REGION,C,Arterial Other,"Arterial Other,Local Road",Metro,2019,0,1
3474017,T20190001001,Finished,17/1/2019,Yes,Collision with a fixed object,Thursday,U TURN INTO FIXED OBJECT/PARKED VEHICLE,No,Day,Yes,Not at intersection,Other injury accident,70 km/hr,No,145.00625,-37.66196,Non-Intersection,WHITTLESEA,METROPOLITAN NORTH WEST REGION,1,1,0,0,1,0,0,1,0,0,1,0,0,0,0,0,0,0,1,0,0,1,0,1,0,0,MELB_URBAN,MELB_URBAN,WHITTLESEA,METROPOLITAN NORTH WEST REGION,,Arterial Other,Arterial Other,Metro,2019,0,1
3474018,T20190001010,Finished,17/1/2019,No,Collision with vehicle,Thursday,OTHER OPPOSING MANOEUVRES NOT INCLUDED IN DCAs 120-125.,No,Day,Yes,Not at intersection,Other injury accident,50 km/hr,No,145.01213,-37.63056,Non-Intersection,WHITTLESEA,METROPOLITAN NORTH WEST REGION,2,1,0,0,1,1,1,1,1,0,1,0,0,0,0,0,0,0,0,0,0,2,0,1,0,0,MELB_URBAN,MELB_URBAN,WHITTLESEA,METROPOLITAN NORTH WEST REGION,,Local Road,Local Road,Metro,2019,0,1
3474019,T20190001017,Finished,17/1/2019,No,Collision with a fixed object,Thursday,LEFT OFF CARRIAGEWAY INTO OBJECT/PARKED VEHICLE,No,Day,Yes,Not at intersection,Serious injury accident,60 km/hr,Yes,145.06033,-37.20656,Non-Intersection,MITCHELL,NORTHERN REGION,1,1,0,1,0,0,0,1,0,0,1,0,0,0,0,0,0,0,0,0,0,1,0,1,0,0,TOWNS,TOWNS,MITCHELL,NORTHERN REGION,C,Arterial Other,Arterial Other,Country,2019,0,1
3474020,T20190001020,Finished,18/1/2019,No,Collision with vehicle,Friday,CROSS TRAFFIC(INTERSECTIONS ONLY),No,Day,Yes,Cross intersection,Other injury accident,60 km/hr,No,144.9565,-37.80382,Intersection,MELBOURNE,METROPOLITAN NORTH WEST REGION,2,1,0,0,1,1,2,0,1,0,1,0,0,0,0,0,0,0,0,0,0,2,1,0,0,0,MELB_URBAN,MELB_URBAN,MELBOURNE,METROPOLITAN NORTH WEST REGION,,Arterial Other,"Arterial Other,Local Road",Metro,2019,0,1
3474021,T20190001021,Finished,16/1/2019,No,Struck Pedestrian,Wednesday,PED STRUCK WALKING TO/FROM OR BOARDING/ALIGHTING VEHICLE.,Yes,Day,No,Cross intersection,Other injury accident,60 km/hr,No,145.00812,-37.74315,Intersection,DAREBIN,METROPOLITAN NORTH WEST REGION,2,1,0,0,1,1,0,1,0,0,0,1,0,0,1,0,0,0,0,0,0,1,0,0,0,0,MELB_URBAN,MELB_URBAN,DAREBIN,METROPOLITAN NORTH WEST REGION,,Arterial Other,"Arterial Other,Local Road",Metro,2019,0,1
3474048,T20190000509,Finished,9/1/2019,No,No collision and no object struck,Wednesday,OUT OF CONTROL ON CARRIAGEWAY (ON STRAIGHT),No,Day,Yes,Not at intersection,Other injury accident,100 km/hr,No,144.26256,-36.68057,Non-Intersection,BENDIGO,NORTHERN REGION,1,1,0,0,1,0,1,0,0,0,0,0,0,1,0,0,0,0,0,0,0,1,0,0,1,0,RURAL_VICTORIA,RURAL_VICTORIA,BENDIGO,NORTHERN REGION,,Local Road,Local Road,Country,2019,0,1
3474049,T20190000511,Finished,9/1/2019,Yes,Collision with vehicle,Wednesday,RIGHT THROUGH,No,Day,Yes,T intersection,Other injury accident,80 km/hr,No,145.27638,-37.99029,Intersection,CASEY,METROPOLITAN SOUTH EAST REGION,2,1,0,0,1,1,1,1,0,0,2,0,0,0,0,0,0,0,0,1,0,2,0,2,0,0,MELB_URBAN,MELB_URBAN,CASEY,METROPOLITAN SOUTH EAST REGION,,Arterial Other,"Arterial Other,Local Road",Metro,2019,0,1
3474051,T20190000516,Finished,7/1/2019,Yes,Collision with a fixed object,Monday,LEFT OFF CARRIAGEWAY INTO OBJECT/PARKED VEHICLE,No,Dark Street lights on,Yes,Cross intersection,Other injury accident,70 km/hr,Yes,144.72877,-37.89344,Intersection,WYNDHAM,METROPOLITAN NORTH WEST REGION,2,2,0,0,2,0,1,1,0,1,1,0,0,0,0,0,0,0,0,0,0,1,0,1,0,0,MELB_URBAN,MELB_URBAN,WYNDHAM,METROPOLITAN NORTH WEST REGION,,Local Road,Local Road,Metro,2019,0,1
3474052,T20190000521,Finished,4/1/2019,No,Collision with vehicle,Thursday,CROSS TRAFFIC(INTERSECTIONS ONLY),No,Day,Yes,Cross intersection,Other injury accident,40 km/hr,No,145.03682,-37.81469,Intersection,BOROONDARA,METROPOLITAN SOUTH EAST REGION,2,1,0,0,1,1,0,2,0,0,2,0,0,0,0,0,0,0,0,1,0,2,0,2,0,0,MELB_URBAN,MELB_URBAN,BOROONDARA,METROPOLITAN SOUTH EAST REGION,,Arterial Other,Arterial Other,Metro,2019,0,1
3474053,T20190000522,Finished,10/1/2019,No,Collision with vehicle,Wednesday,REAR END(VEHICLES IN SAME LANE),No,Day,Yes,Not at intersection,Other injury accident,80 km/hr,No,145.14058,-38.01193,Non-Intersection,KINGSTON,METROPOLITAN SOUTH EAST REGION,6,2,0,0,2,4,2,4,0,2,4,0,0,0,0,0,0,0,1,0,0,4,0,4,0,0,MELB_URBAN,MELB_URBAN,KINGSTON,METROPOLITAN SOUTH EAST REGION,,Arterial Highway,Arterial Highway,Metro,2019,0,1
3474054,T20190000524,Finished,9/1/2019,No,Struck animal,Tuesday,STRUCK ANIMAL,No,Day,No,Not at intersection,Other injury accident,60 km/hr,No,142.74174,-38.51341,Non-Intersection,MOYNE,SOUTH WESTERN REGION,1,1,0,0,1,0,1,0,0,0,0,0,0,1,0,0,0,0,0,0,0,1,0,0,1,0,RURAL_VICTORIA,RURAL_VICTORIA,MOYNE,SOUTH WESTERN REGION,,Local Road,Local Road,Country,2019,0,1
3474055,T20190000526,Finished,10/1/2019,No,Struck Pedestrian,Wednesday,PED ON FOOTHPATH STRUCK BY VEHENTERING/LEAVING DRIVEWAY.,No,Day,Yes,Not at intersection,Other injury accident,50 km/hr,No,145.27501,-37.88383,Off Road,KNOX,METROPOLITAN SOUTH EAST REGION,2,1,0,0,1,1,2,0,0,0,1,1,0,0,0,0,0,1,0,0,0,1,0,1,0,0,MELB_URBAN,MELB_URBAN,KNOX,METROPOLITAN SOUTH EAST REGION,,,,Metro,2019,0,1
3474056,T20190000527,Finished,5/1/2019,Yes,Collision with vehicle,Friday,CROSS TRAFFIC(INTERSECTIONS ONLY),No,Day,Yes,Cross intersection,Other injury accident,60 km/hr,No,145.41331,-36.38086,Intersection,SHEPPARTON,NORTH EASTERN REGION,2,1,0,0,1,1,0,2,0,0,2,0,0,0,0,0,0,0,0,0,0,2,0,1,0,0,SMALL_CITIES,SMALL_CITIES,SHEPPARTON,NORTH EASTERN REGION,,Local Road,Local Road,Country,2019,0,1
3474057,T20190000529,Finished,10/1/2019,Yes,Collision with a fixed object,Wednesday,LEFT OFF CARRIAGEWAY INTO OBJECT/PARKED VEHICLE,No,Dark No street lights,Yes,Cross intersection,Other injury accident,80 km/hr,Yes,144.51102,-37.90272,Intersection,WYNDHAM,METROPOLITAN NORTH WEST REGION,1,1,0,0,1,0,1,0,0,0,1,0,0,0,0,0,0,0,0,1,0,1,0,1,0,0,RURAL_VICTORIA,RURAL_VICTORIA,WYNDHAM,METROPOLITAN NORTH WEST REGION,,Local Road,Local Road,Metro,2019,0,1
3474058,T20190000530,Finished,10/1/2019,No,Collision with vehicle,Wednesday,CROSS TRAFFIC(INTERSECTIONS ONLY),No,Day,Yes,Cross intersection,Other injury accident,50 km/hr,No,145.40426,-36.37045,Intersection,SHEPPARTON,NORTH EASTERN REGION,10,1,0,0,1,9,7,3,0,8,2,0,0,0,0,0,0,0,1,0,0,2,0,1,0,1,SMALL_CITIES,SMALL_CITIES,SHEPPARTON,NORTH EASTERN REGION,,Local Road,Local Road,Country,2019,0,1
3474059,T20190000534,Reopened,10/1/2019,No,Collision with a fixed object,Thursday,RIGHT OFF CARRIAGEWAY INTO OBJECT/PARKED VEHICLE,No,Day,Yes,Not at intersection,Other injury accident,100 km/hr,Yes,146.50587,-36.38962,Non-Intersection,WANGARATTA,NORTH EASTERN REGION,2,1,0,0,1,1,0,2,0,1,1,0,0,0,0,0,0,0,0,0,0,1,0,1,0,0,RURAL_VICTORIA,RURAL_VICTORIA,WANGARATTA,NORTH EASTERN REGION,C,Arterial Other,Arterial Other,Country,2019,0,1
3474060,T20190000537,Finished,10/1/2019,No,Collision with vehicle,Wednesday,REAR END(VEHICLES IN SAME LANE),No,Day,Yes,Cross intersection,Other injury accident,80 km/hr,No,144.95492,-37.66578,Non-Intersection,HUME,METROPOLITAN NORTH WEST REGION,3,1,0,0,1,2,1,2,0,1,2,0,0,0,0,0,0,0,0,1,0,2,0,2,0,0,MELB_URBAN,MELB_URBAN,HUME,METROPOLITAN NORTH WEST REGION,,Arterial Other,Arterial Other,Metro,2019,0,1
3474095,T20190000009,Finished,1/1/2019,Yes,Collision with a fixed object,Monday,RIGHT OFF CARRIAGEWAY INTO OBJECT/PARKED VEHICLE,No,Dark Street lights on,Yes,T intersection,Serious injury accident,60 km/hr,Yes,145.2659,-38.04193,Non-Intersection,CASEY,METROPOLITAN SOUTH EAST REGION,1,1,0,1,0,0,1,0,0,0,1,0,0,0,0,0,0,0,0,0,0,1,0,1,0,0,MELB_URBAN,MELB_URBAN,CASEY,METROPOLITAN SOUTH EAST REGION,,Arterial Other,Arterial Other,Metro,2019,1,1
3474096,T20190000021,Finished,1/1/2019,No,Collision with a fixed object,Monday,RIGHT OFF CARRIAGEWAY INTO OBJECT/PARKED VEHICLE,No,Day,Yes,T intersection,Serious injury accident,50 km/hr,Yes,145.0055,-37.92179,Intersection,BAYSIDE,METROPOLITAN SOUTH EAST REGION,1,1,0,1,0,0,0,1,0,0,1,0,0,0,0,0,0,0,0,0,0,1,0,1,0,0,MELB_URBAN,MELB_URBAN,BAYSIDE,METROPOLITAN SOUTH EAST REGION,,Arterial Other,"Arterial Other,Local Road",Metro,2019,0,1
3474097,T20190000022,Finished,1/1/2019,No,Collision with a fixed object,Tuesday,LEFT OFF CARRIAGEWAY INTO OBJECT/PARKED VEHICLE,No,Day,Yes,Not at intersection,Other injury accident,100 km/hr,Yes,144.38487,-38.05987,Non-Intersection,GEELONG,SOUTH WESTERN REGION,1,1,0,0,1,0,0,1,0,0,1,0,0,0,0,0,0,0,0,1,0,1,0,1,0,0,LARGE_PROVINCIAL_CITIES,LARGE_PROVINCIAL_CITIES,GEELONG,SOUTH WESTERN REGION,M,Freeway,Freeway,Country,2019,0,1
3474098,T20190000025,Finished,1/1/2019,No,Struck Pedestrian,Tuesday,PED NEAR SIDE. PED HIT BY VEHICLE FROM THE RIGHT.,No,Day,Yes,Cross intersection,Other injury accident,60 km/hr,No,144.98249,-37.86022,Intersection,PORT PHILLIP,METROPOLITAN NORTH WEST REGION,2,1,0,0,1,1,1,1,0,0,1,1,0,0,0,0,0,0,0,0,0,1,0,1,0,0,MELB_URBAN,MELB_URBAN,PORT PHILLIP,METROPOLITAN NORTH WEST REGION,,Arterial Other,"Arterial Other,Local Road",Metro,2019,0,1
3474100,T20190000539,Finished,10/1/2019,No,Collision with vehicle,Wednesday,RIGHT THROUGH,No,Day,Yes,Cross intersection,Other injury accident,50 km/hr,No,144.91618,-37.77174,Intersection,MOONEE VALLEY,METROPOLITAN NORTH WEST REGION,2,2,0,0,2,0,0,2,0,0,2,0,0,0,0,0,0,0,0,0,0,2,0,2,0,0,MELB_URBAN,MELB_URBAN,MOONEE VALLEY,METROPOLITAN NORTH WEST REGION,,Arterial Other,"Arterial Other,Local Road",Metro,2019,0,1
3474101,T20190000540,Finished,10/1/2019,No,Collision with vehicle,Wednesday,OTHER ON PATH,No,Day,Yes,Not at intersection,Other injury accident,60 km/hr,No,144.9795,-37.77176,Non-Intersection,MORELAND,METROPOLITAN NORTH WEST REGION,1,1,0,0,1,0,1,0,0,0,1,0,0,0,0,0,0,0,0,0,0,2,0,2,0,0,MELB_URBAN,MELB_URBAN,MORELAND,METROPOLITAN NORTH WEST REGION,,Arterial Other,Arterial Other,Metro,2019,0,1
3474102,T20190000543,Finished,9/1/2019,Yes,Struck animal,Wednesday,STRUCK ANIMAL,No,Dark No street lights,Yes,Not at intersection,Serious injury accident,100 km/hr,No,144.19049,-35.8421,Non-Intersection,GANNAWARRA,NORTHERN REGION,2,1,0,1,0,1,0,2,0,1,1,0,0,0,0,0,0,0,0,0,0,1,0,1,0,0,RURAL_VICTORIA,RURAL_VICTORIA,GANNAWARRA,NORTHERN REGION,,Local Road,Local Road,Country,2019,0,1
3474103,T20190000544,Finished,10/1/2019,No,Struck Pedestrian,Wednesday,FAR SIDE. PED HIT BY VEHICLE FROM THE LEFT,No,Day,Yes,Not at intersection,Other injury accident,40 km/hr,No,144.96378,-37.81558,Non-Intersection,MELBOURNE,METROPOLITAN NORTH WEST REGION,2,1,0,0,1,1,1,1,0,0,1,1,0,0,0,0,0,1,0,0,0,1,0,1,0,0,MELBOURNE_CBD,MELBOURNE_CBD,MELBOURNE,METROPOLITAN NORTH WEST REGION,,Local Road,Local Road,Metro,2019,0,1
3474104,T20190000545,Finished,10/1/2019,No,Collision with vehicle,Thursday,VEHICLE STRIKES DOOR OF PARKED/STATIONARY VEHICLE,No,Day,Yes,Not at intersection,Other injury accident,60 km/hr,No,144.97751,-37.78345,Non-Intersection,YARRA,METROPOLITAN NORTH WEST REGION,2,1,0,0,1,1,2,0,0,0,1,0,0,0,1,0,0,0,1,0,0,2,0,2,0,0,MELB_URBAN,MELB_URBAN,YARRA,METROPOLITAN NORTH WEST REGION,,Arterial Other,Arterial Other,Metro,2019,0,1
3474105,T20190000547,Finished,10/1/2019,No,Collision with vehicle,Thursday,REAR END(VEHICLES IN SAME LANE),No,Day,Yes,T intersection,Serious injury accident,70 km/hr,No,144.76291,-37.76618,Non-Intersection,BRIMBANK,METROPOLITAN NORTH WEST REGION,5,1,0,1,0,4,3,2,0,1,4,0,0,0,0,0,0,0,0,2,0,4,0,4,0,0,MELB_URBAN,MELB_URBAN,BRIMBANK,METROPOLITAN NORTH WEST REGION,,Arterial Other,Arterial Other,Metro,2019,0,1
3474106,T20190000551,Finished,10/1/2019,No,Collision with a fixed object,Wednesday,LEFT OFF CARRIAGEWAY INTO OBJECT/PARKED VEHICLE,No,Day,Yes,Not at intersection,Other injury accident,50 km/hr,Yes,145.24715,-37.79459,Non-Intersection,MAROONDAH,METROPOLITAN SOUTH EAST REGION,1,1,0,0,1,0,1,0,0,0,1,0,0,0,0,0,0,0,1,0,0,1,0,1,0,0,MELB_URBAN,MELB_URBAN,MAROONDAH,METROPOLITAN SOUTH EAST REGION,,Local Road,Local Road,Metro,2019,0,1
3474107,T20190000552,Finished,10/1/2019,No,Collision with vehicle,Thursday,REAR END(VEHICLES IN SAME LANE),No,Day,Yes,Not at intersection,Other injury accident,80 km/hr,No,145.07463,-38.20645,Non-Intersection,MORNINGTON,METROPOLITAN SOUTH EAST REGION,4,1,0,0,1,3,2,2,0,2,2,0,0,0,0,0,0,0,0,1,0,2,0,2,0,0,MELB_URBAN,MELB_URBAN,MORNINGTON PENINSULA,METROPOLITAN SOUTH EAST REGION,,Arterial Highway,Arterial Highway,Metro,2019,0,1
3474108,T20190000553,Finished,10/1/2019,No,Collision with vehicle,Wednesday,CROSS TRAFFIC(INTERSECTIONS ONLY),No,Day,Yes,Cross intersection,Other injury accident,50 km/hr,No,143.8395,-37.57901,Intersection,BALLARAT,WESTERN REGION,2,1,0,0,1,1,1,1,0,0,2,0,0,0,0,0,0,0,0,0,0,2,0,2,0,0,LARGE_PROVINCIAL_CITIES,LARGE_PROVINCIAL_CITIES,BALLARAT,WESTERN REGION,,Local Road,Local Road,Country,2019,0,1
3474109,T20190000554,Finished,10/1/2019,No,Collision with vehicle,Thursday,REAR END(VEHICLES IN SAME LANE),No,Day,No,Not at intersection,Other injury accident,80 km/hr,No,142.82025,-38.07463,Non-Intersection,MOYNE,SOUTH WESTERN REGION,2,1,0,0,1,1,2,0,0,0,2,0,0,0,0,0,0,0,0,1,0,2,0,2,0,0,TOWNS,TOWNS,MOYNE,SOUTH WESTERN REGION,B,Arterial Highway,Arterial Highway,Country,2019,0,1
3474110,T20190000558,Finished,10/1/2019,Yes,Collision with vehicle,Wednesday,RIGHT TURN SIDESWIPE,No,Dark Street lights unknown,Yes,T intersection,Other injury accident,60 km/hr,No,144.93567,-37.658,Intersection,HUME,METROPOLITAN NORTH WEST REGION,3,2,0,0,2,1,1,2,0,1,2,0,0,0,0,0,0,0,0,1,0,2,1,1,0,0,MELB_URBAN,MELB_URBAN,HUME,METROPOLITAN NORTH WEST REGION,,Local Road,Local Road,Metro,2019,0,1
3474111,T20190000559,Finished,10/1/2019,No,Collision with a fixed object,Thursday,LEFT OFF CARRIAGEWAY INTO OBJECT/PARKED VEHICLE,No,Day,Yes,Not at intersection,Serious injury accident,70 km/hr,Yes,145.04645,-37.66258,Non-Intersection,WHITTLESEA,METROPOLITAN NORTH WEST REGION,1,1,0,1,0,0,1,0,0,0,1,0,0,0,0,0,0,0,0,0,0,1,0,1,0,0,MELB_URBAN,MELB_URBAN,WHITTLESEA,METROPOLITAN NORTH WEST REGION,,Arterial Other,Arterial Other,Metro,2019,0,1
3474112,T20190000560,Finished,10/1/2019,Yes,Collision with vehicle,Wednesday,CROSS TRAFFIC(INTERSECTIONS ONLY),No,Dark Street lights on,Yes,Cross intersection,Other injury accident,50 km/hr,No,144.91556,-37.68229,Intersection,HUME,METROPOLITAN NORTH WEST REGION,5,1,0,0,1,4,3,2,0,3,2,0,0,0,0,0,0,0,0,1,1,2,0,2,0,0,MELB_URBAN,MELB_URBAN,HUME,METROPOLITAN NORTH WEST REGION,,Arterial Other,"Arterial Other,Local Road",Metro,2019,0,1
3474139,T20190000030,Finished,1/1/2019,No,Vehicle overturned (no collision),Monday,OFF CARRIAGEWAY ON RIGHT BEND,No,Day,Yes,Not at intersection,Other injury accident,100 km/hr,Yes,142.54063,-38.24044,Non-Intersection,MOYNE,SOUTH WESTERN REGION,1,1,0,0,1,0,1,0,0,0,1,0,0,0,0,0,0,0,0,1,0,1,0,1,0,0,RURAL_VICTORIA,RURAL_VICTORIA,MOYNE,SOUTH WESTERN REGION,,Local Road,Local Road,Country,2019,0,1
3474140,T20190000031,Finished,1/1/2019,No,Collision with vehicle,Monday,HEAD ON (NOT OVERTAKING),No,Day,Yes,Not at intersection,Other injury accident,80 km/hr,No,144.3544,-38.0299,Non-Intersection,GEELONG,SOUTH WESTERN REGION,3,1,0,0,1,2,3,0,0,1,2,0,0,0,0,0,0,0,0,0,0,2,0,2,0,0,RURAL_VICTORIA,RURAL_VICTORIA,GEELONG,SOUTH WESTERN REGION,C,Arterial Other,Arterial Other,Country,2019,0,1