OBJECTID,ACCIDENT_NO,ACCIDENT_STATUS,ACCIDENT_DATE,ALCOHOLTIME,ACCIDENT_TYPE,DAY_OF_WEEK,DCA_CODE,HIT_RUN_FLAG,LIGHT_CONDITION,POLICE_ATTEND,ROAD_GEOMETRY,SEVERITY,SPEED_ZONE,RUN_OFFROAD,LONGITUDE,LATITUDE,NODE_TYPE,LGA_NAME,REGION_NAME,TOTAL_PERSONS,INJ_OR_FATAL,FATALITY,SERIOUSINJURY,OTHERINJURY,NONINJURED,MALES,FEMALES,BICYCLIST,PASSENGER,DRIVER,PEDESTRIAN,PILLION,MOTORIST,UNKNOWN,PED_CYCLIST_5_12,PED_CYCLIST_13_18,OLD_PEDESTRIAN,OLD_DRIVER,YOUNG_DRIVER,UNLICENCSED,NO_OF_VEHICLES,HEAVYVEHICLE,PASSENGERVEHICLE,MOTORCYCLE,PUBLICVEHICLE,DEG_URBAN_NAME,DEG_URBAN_ALL,LGA_NAME_ALL,REGION_NAME_ALL,SRNS_ALL,RMA,RMA_ALL,STAT_DIV_NAME,Year,ALCOHOL_RELATED,Month
3474251,T20190000119,Finished,2/1/2019,Yes,Collision with vehicle,Wednesday,CROSS TRAFFIC(INTERSECTIONS ONLY),Yes,Day,Yes,Cross intersection,Serious injury accident,60 km/hr,No,145.02156,-37.75857,Intersection,DAREBIN,METROPOLITAN NORTH WEST REGION,7,5,0,4,1,2,4,1,0,4,3,0,0,0,0,0,0,0,0,0,0,3,0,3,0,0,MELB_URBAN,MELB_URBAN,DAREBIN,METROPOLITAN NORTH WEST REGION,,Arterial Other,"Arterial Other,Local Road",Metro,2019,0,1
3474253,T20190000125,Finished,2/1/2019,No,Collision with vehicle,Wednesday,RIGHT THROUGH,No,Day,No,Not at intersection,Other injury accident,50 km/hr,No,144.56081,-38.16132,Non-Intersection,GEELONG,SOUTH WESTERN REGION,2,1,0,0,1,1,1,1,1,0,1,0,0,0,0,0,0,0,0,0,0,2,0,1,0,0,SMALL_CITIES,SMALL_CITIES,GEELONG,SOUTH WESTERN REGION,,Local Road,Local Road,Country,2019,0,1
3474254,T20190000126,Finished,2/1/2019,Yes,Struck Pedestrian,Tuesday,PED NEAR SIDE. PED HIT BY VEHICLE FROM THE RIGHT.,Yes,Day,Yes,Not at intersection,Serious injury accident,30km/hr,No,145.04043,-37.64595,Non-Intersection,WHITTLESEA,METROPOLITAN NORTH WEST REGION,3,1,0,1,0,2,2,0,0,1,1,1,0,0,0,0,0,0,0,0,0,1,0,1,0,0,MELB_URBAN,MELB_URBAN,WHITTLESEA,METROPOLITAN NORTH WEST REGION,,Arterial Other,Arterial Other,Metro,2019,0,1
3474256,T20190000627,Finished,11/1/2019,Yes,Collision with vehicle,Friday,REAR END(VEHICLES IN SAME LANE),No,Day,Yes,Not at intersection,Other injury accident,70 km/hr,No,144.34691,-38.18208,Non-Intersection,GEELONG,SOUTH WESTERN REGION,5,1,0,0,1,4,2,3,0,1,4,0,0,0,0,0,0,0,0,0,0,4,0,4,0,0,LARGE_PROVINCIAL_CITIES,LARGE_PROVINCIAL_CITIES,GEELONG,SOUTH WESTERN REGION,A,Arterial Highway,Arterial Highway,Country,2019,0,1
3474257,T20190000629,Finished,11/1/2019,No,Collision with vehicle,Thursday,REAR END(VEHICLES IN SAME LANE),No,Day,Yes,Not at intersection,Other injury accident,50 km/hr,No,145.08467,-37.61179,Non-Intersection,WHITTLESEA,METROPOLITAN NORTH WEST REGION,3,1,0,0,1,2,2,1,0,1,2,0,0,0,0,0,0,0,0,0,0,2,0,2,0,0,MELB_URBAN,MELB_URBAN,WHITTLESEA,METROPOLITAN NORTH WEST REGION,,Local Road,Local Road,Metro,2019,0,1
3474258,T20190000630,Finished,11/1/2019,No,Collision with vehicle,Thursday,LEFT OFF CARRIAGEWAY INTO OBJECT/PARKED VEHICLE,No,Day,Yes,Not at intersection,Other injury accident,40 km/hr,Yes,144.33501,-38.24157,Non-Intersection,GEELONG,SOUTH WESTERN REGION,2,1,0,0,1,1,0,2,0,1,1,0,0,0,0,0,0,0,0,0,0,2,0,2,0,0,RURAL_VICTORIA,RURAL_VICTORIA,GEELONG,SOUTH WESTERN REGION,,Local Road,Local Road,Country,2019,0,1
3474259,T20190000633,Finished,11/1/2019,Yes,Collision with vehicle,Friday,LEFT FAR (INTERSECTIONS ONLY),No,Day,Yes,T intersection,Other injury accident,50 km/hr,No,145.25091,-37.84314,Intersection,KNOX,METROPOLITAN SOUTH EAST REGION,3,1,0,0,1,2,3,0,1,1,1,0,0,0,0,1,0,0,0,1,0,2,0,1,0,0,MELB_URBAN,MELB_URBAN,KNOX,METROPOLITAN SOUTH EAST REGION,,Arterial Other,"Arterial Other,Local Road",Metro,2019,0,1
3474260,T20190000634,Finished,11/1/2019,No,Collision with a fixed object,Thursday,LEFT OFF CARRIAGEWAY INTO OBJECT/PARKED VEHICLE,No,Day,Yes,T intersection,Serious injury accident,50 km/hr,Yes,145.02984,-37.36791,Intersection,MITCHELL,NORTHERN REGION,2,2,0,1,1,0,0,1,0,1,1,0,0,0,0,0,0,0,0,0,0,1,0,1,0,0,TOWNS,TOWNS,MITCHELL,NORTHERN REGION,,Local Road,Local Road,Country,2019,0,1
3474261,T20190000635,Finished,11/1/2019,Yes,Collision with vehicle,Friday,RIGHT THROUGH,No,Dark Street lights on,Yes,T intersection,Other injury accident,80 km/hr,No,145.14359,-37.9247,Intersection,MONASH,METROPOLITAN SOUTH EAST REGION,2,1,0,0,1,1,2,0,0,0,2,0,0,0,0,0,0,0,0,2,0,2,0,2,0,0,MELB_URBAN,MELB_URBAN,"MONASH,DANDENONG",METROPOLITAN SOUTH EAST REGION,,,,Metro,2019,0,1
3474262,T20190000637,Finished,10/1/2019,Yes,Struck animal,Wednesday,STRUCK ANIMAL,No,Dusk/Dawn,Yes,Not at intersection,Other injury accident,100 km/hr,No,144.60693,-37.4381,Non-Intersection,MACEDON RANGES,NORTHERN REGION,1,1,0,0,1,0,1,0,0,0,0,0,0,1,0,0,0,0,0,0,0,1,0,0,1,0,TOWNS,TOWNS,MACEDON RANGES,NORTHERN REGION,,Local Road,Local Road,Country,2019,0,1
3474263,T20190000638,Finished,11/1/2019,No,Collision with a fixed object,Thursday,LEFT OFF CARRIAGEWAY INTO OBJECT/PARKED VEHICLE,No,Day,Yes,Not at intersection,Other injury accident,70 km/hr,Yes,144.77916,-37.74311,Non-Intersection,BRIMBANK,METROPOLITAN NORTH WEST REGION,1,1,0,0,1,0,0,1,0,0,1,0,0,0,0,0,0,0,0,1,0,1,0,1,0,0,MELB_URBAN,MELB_URBAN,BRIMBANK,METROPOLITAN NORTH WEST REGION,,Arterial Other,Arterial Other,Metro,2019,0,1
3474264,T20190000639,Finished,11/1/2019,Yes,Collision with a fixed object,Friday,OFF RIGHT BEND INTO OBJECT/PARKED VEHICLE,No,Day,Yes,Not at intersection,Other injury accident,100 km/hr,Yes,147.8385,-37.79394,Non-Intersection,EAST GIPPSLAND,EASTERN REGION,1,1,0,0,1,0,1,0,0,0,1,0,0,0,0,0,0,0,1,0,0,1,0,1,0,0,RURAL_VICTORIA,RURAL_VICTORIA,EAST GIPPSLAND,"EASTERN REGION,EASTERN REGION",,Local Road,Local Road,Country,2019,0,1
3474265,T20190000640,Finished,11/1/2019,Yes,Collision with vehicle,Thursday,CROSS TRAFFIC(INTERSECTIONS ONLY),No,Dark Street lights unknown,Yes,Cross intersection,Other injury accident,60 km/hr,No,145.09574,-37.60064,Intersection,WHITTLESEA,METROPOLITAN NORTH WEST REGION,2,1,0,0,1,1,1,1,0,0,2,0,0,0,0,0,0,0,0,1,0,2,0,2,0,0,MELB_URBAN,MELB_URBAN,WHITTLESEA,METROPOLITAN NORTH WEST REGION,C,Arterial Other,"Arterial Other,Local Road",Metro,2019,0,1
3474267,T20190000642,Finished,11/1/2019,Yes,Collision with vehicle,Friday,LANE CHANGE LEFT (NOT OVERTAKING),Yes,Day,Yes,Not at intersection,Fatal accident,100 km/hr,No,144.73128,-37.87495,Non-Intersection,WYNDHAM,METROPOLITAN NORTH WEST REGION,2,1,1,0,0,1,1,1,0,0,1,0,0,1,0,0,0,0,0,0,0,2,0,1,1,0,MELB_URBAN,MELB_URBAN,WYNDHAM,METROPOLITAN NORTH WEST REGION,M,Freeway,Freeway,Metro,2019,0,1
3474268,T20190000643,Finished,11/1/2019,Yes,Collision with a fixed object,Friday,RIGHT OFF CARRIAGEWAY INTO OBJECT/PARKED VEHICLE,No,Dark No street lights,Yes,Multiple intersection,Fatal accident,100 km/hr,Yes,146.07844,-37.00381,Non-Intersection,MANSFIELD,NORTH EASTERN REGION,2,2,1,1,0,0,2,0,0,1,1,0,0,0,0,0,0,0,0,1,0,1,0,1,0,0,RURAL_VICTORIA,RURAL_VICTORIA,MANSFIELD,NORTH EASTERN REGION,C,Arterial Other,Arterial Other,Country,2019,0,1
3474296,T20190000134,Finished,3/1/2019,No,Collision with a fixed object,Thursday,LEFT OFF CARRIAGEWAY INTO OBJECT/PARKED VEHICLE,No,Day,Yes,Not at intersection,Serious injury accident,80 km/hr,Yes,147.19934,-36.75556,Non-Intersection,ALPINE,NORTH EASTERN REGION,1,1,0,1,0,0,1,0,0,0,0,0,0,1,0,0,0,0,0,0,0,1,0,0,1,0,RURAL_VICTORIA,RURAL_VICTORIA,ALPINE,NORTH EASTERN REGION,C,Arterial Other,Arterial Other,Country,2019,0,1
3474297,T20190000139,Finished,2/1/2019,No,Vehicle overturned (no collision),Wednesday,OFF CARRIAGEWAY ON LEFT BEND,No,Day,Yes,Not at intersection,Other injury accident,100 km/hr,Yes,145.848,-37.5451,Non-Intersection,YARRA RANGES,METROPOLITAN SOUTH EAST REGION,1,1,0,0,1,0,1,0,0,0,0,0,0,1,0,0,0,0,0,0,0,1,0,0,1,0,RURAL_VICTORIA,RURAL_VICTORIA,YARRA RANGES,METROPOLITAN SOUTH EAST REGION,C,Arterial Other,Arterial Other,Metro,2019,0,1
3474298,T20190000146,Finished,3/1/2019,No,collision with some other object,Wednesday,OFF RIGHT BEND INTO OBJECT/PARKED VEHICLE,No,Day,Yes,Not at intersection,Serious injury accident,100 km/hr,Yes,147.57628,-36.17171,Non-Intersection,TOWONG,NORTH EASTERN REGION,1,1,0,1,0,0,1,0,0,0,0,0,0,1,0,0,0,0,0,0,0,1,0,0,1,0,RURAL_VICTORIA,RURAL_VICTORIA,TOWONG,NORTH EASTERN REGION,B,Arterial Highway,Arterial Highway,Country,2019,0,1
3474299,T20190000148,Finished,3/1/2019,No,Collision with vehicle,Thursday,RIGHT REAR.,No,Day,Yes,Not at intersection,Other injury accident,50 km/hr,No,145.50205,-38.06053,Non-Intersection,CARDINIA,METROPOLITAN SOUTH EAST REGION,2,1,0,0,1,1,1,1,1,0,1,0,0,0,0,0,0,0,0,0,0,2,0,1,0,0,SMALL_CITIES,SMALL_CITIES,CARDINIA,METROPOLITAN SOUTH EAST REGION,,Local Road,Local Road,Metro,2019,0,1
3474300,T20190000151,Finished,3/1/2019,No,Collision with a fixed object,Wednesday,OTHER ACCIDENTS-OFF STRAIGHT NOT INCLUDED IN DCAs 170-175,No,Day,Yes,Cross intersection,Other injury accident,60 km/hr,No,145.33131,-38.04413,Intersection,CASEY,METROPOLITAN SOUTH EAST REGION,1,1,0,0,1,0,1,0,0,0,1,0,0,0,0,0,0,0,1,0,0,1,0,1,0,0,MELB_URBAN,MELB_URBAN,CASEY,METROPOLITAN SOUTH EAST REGION,,Local Road,Local Road,Metro,2019,0,1
3474301,T20190000152,Finished,3/1/2019,Yes,No collision and no object struck,Thursday,OUT OF CONTROL ON CARRIAGEWAY (ON STRAIGHT),No,Day,Yes,Not at intersection,Other injury accident,40 km/hr,No,145.02982,-37.80715,Non-Intersection,BOROONDARA,METROPOLITAN SOUTH EAST REGION,1,1,0,0,1,0,0,1,1,0,0,0,0,0,0,0,0,0,0,0,0,1,0,0,0,0,MELB_URBAN,MELB_URBAN,BOROONDARA,METROPOLITAN SOUTH EAST REGION,,Arterial Other,Arterial Other,Metro,2019,0,1
3474302,T20190000161,Finished,3/1/2019,Yes,Collision with vehicle,Wednesday,REAR END(VEHICLES IN SAME LANE),No,Day,No,Cross intersection,Other injury accident,80 km/hr,No,145.28758,-37.82617,Intersection,MAROONDAH,METROPOLITAN SOUTH EAST REGION,4,3,0,0,3,1,3,1,0,2,2,0,0,0,0,0,0,0,0,0,0,2,0,2,0,0,MELB_URBAN,MELB_URBAN,MAROONDAH,METROPOLITAN SOUTH EAST REGION,,Arterial Other,Arterial Other,Metro,2019,0,1
3474303,T20190000167,Finished,3/1/2019,Yes,Collision with vehicle,Thursday,REAR END(VEHICLES IN SAME LANE),No,Dusk/Dawn,Yes,T intersection,Serious injury accident,60 km/hr,No,144.56117,-37.676,Intersection,MELTON,METROPOLITAN NORTH WEST REGION,3,1,0,1,0,2,1,2,0,1,1,0,0,1,0,0,0,0,0,0,1,2,0,1,1,0,SMALL_CITIES,SMALL_CITIES,MELTON,METROPOLITAN NORTH WEST REGION,,Local Road,Local Road,Metro,2019,0,1
3474304,T20190000170,Finished,4/1/2019,Yes,Collision with a fixed object,Friday,LEFT OFF CARRIAGEWAY INTO OBJECT/PARKED VEHICLE,No,Dark No street lights,Yes,Not at intersection,Other injury accident,100 km/hr,Yes,143.01486,-37.30958,Non-Intersection,ARARAT,WESTERN REGION,2,2,0,0,2,0,0,2,0,1,1,0,0,0,0,0,0,0,0,0,0,1,0,1,0,0,RURAL_VICTORIA,RURAL_VICTORIA,ARARAT,WESTERN REGION,A,Arterial Highway,Arterial Highway,Country,2019,0,1
3474305,T20190000178,Finished,3/1/2019,Yes,No collision and no object struck,Thursday,OUT OF CONTROL ON CARRIAGEWAY (ON STRAIGHT),No,Dark Street lights on,No,Not at intersection,Other injury accident,60 km/hr,No,146.9678,-36.72829,Non-Intersection,ALPINE,NORTH EASTERN REGION,1,1,0,0,1,0,1,0,0,0,0,0,0,1,0,0,0,0,0,0,0,1,0,0,1,0,TOWNS,TOWNS,ALPINE,NORTH EASTERN REGION,B,Arterial Highway,Arterial Highway,Country,2019,0,1
3474306,T20190000181,Finished,4/1/2019,No,Collision with vehicle,Friday,VEHICLE STRIKES ANOTHER VEH WHILE EMERGING FROM DRIVEWAY,No,Day,Yes,Not at intersection,Other injury accident,Other speed limit,No,144.97997,-37.40881,Non-Intersection,MITCHELL,NORTHERN REGION,2,1,0,0,1,1,1,1,0,0,1,0,0,1,0,0,0,0,0,0,0,2,0,1,1,0,TOWNS,TOWNS,MITCHELL,NORTHERN REGION,,Local Road,Local Road,Country,2019,0,1
3474307,T20190000182,Finished,4/1/2019,No,Collision with vehicle,Friday,LEFT NEAR (INTERSECTIONS ONLY),No,Day,No,T intersection,Other injury accident,70 km/hr,No,142.20541,-36.73351,Intersection,HORSHAM,WESTERN REGION,2,1,0,0,1,1,2,0,1,0,1,0,0,0,0,0,0,0,0,0,0,2,0,1,0,0,SMALL_CITIES,SMALL_CITIES,HORSHAM,WESTERN REGION,A,Arterial Highway,"Arterial Highway,Local Road",Country,2019,0,1
3474308,T20190000644,Finished,12/1/2019,Yes,Collision with a fixed object,Friday,PERMANENT OBSTRUCTION ON CARRIAGEWAY,No,Dark Street lights on,Yes,Not at intersection,Serious injury accident,50 km/hr,No,144.68997,-37.88405,Non-Intersection,WYNDHAM,METROPOLITAN NORTH WEST REGION,1,1,0,1,0,0,0,1,0,0,1,0,0,0,0,0,0,0,0,0,0,1,0,1,0,0,MELB_URBAN,MELB_URBAN,WYNDHAM,METROPOLITAN NORTH WEST REGION,,Local Road,Local Road,Metro,2019,0,1
3474309,T20190000655,Finished,12/1/2019,No,Collision with vehicle,Saturday,CROSS TRAFFIC(INTERSECTIONS ONLY),No,Day,Yes,Cross intersection,Other injury accident,80 km/hr,No,145.65988,-35.93455,Intersection,MOIRA,NORTH EASTERN REGION,2,1,0,0,1,1,1,1,0,0,2,0,0,0,0,0,0,0,0,1,0,2,0,2,0,0,RURAL_VICTORIA,RURAL_VICTORIA,MOIRA,NORTH EASTERN REGION,B,Arterial Highway,"Arterial Highway,Local Road",Country,2019,0,1
3474310,T20190000659,Finished,12/1/2019,No,Vehicle overturned (no collision),Saturday,OFF CARRIAGEWAY ON LEFT BEND,No,Day,Yes,Not at intersection,Serious injury accident,100 km/hr,Yes,145.59373,-37.89951,Non-Intersection,CARDINIA,METROPOLITAN SOUTH EAST REGION,1,1,0,1,0,0,1,0,0,0,0,0,0,1,0,0,0,0,0,0,0,1,0,0,1,0,RURAL_VICTORIA,RURAL_VICTORIA,CARDINIA,METROPOLITAN SOUTH EAST REGION,C,Arterial Other,Arterial Other,Metro,2019,0,1
3474311,T20190000661,Finished,12/1/2019,No,Collision with a fixed object,Saturday,LEFT OFF CARRIAGEWAY INTO OBJECT/PARKED VEHICLE,No,Day,Yes,Not at intersection,Other injury accident,90 km/hr,Yes,145.00674,-38.34301,Non-Intersection,MORNINGTON,METROPOLITAN SOUTH EAST REGION,1,1,0,0,1,0,1,0,0,0,1,0,0,0,0,0,0,0,0,1,0,1,0,1,0,0,RURAL_VICTORIA,RURAL_VICTORIA,MORNINGTON PENINSULA,METROPOLITAN SOUTH EAST REGION,C,Arterial Other,Arterial Other,Metro,2019,0,1
3474312,T20190000662,Finished,12/1/2019,No,Collision with vehicle,Friday,U TURN,No,Day,Yes,T intersection,Other injury accident,60 km/hr,No,145.42696,-36.387,Intersection,SHEPPARTON,NORTH EASTERN REGION,3,1,0,0,1,2,1,2,0,1,2,0,0,0,0,0,0,0,0,0,0,2,0,2,0,0,SMALL_CITIES,SMALL_CITIES,SHEPPARTON,NORTH EASTERN REGION,A,Arterial Highway,"Arterial Highway,Local Road",Country,2019,0,1
3474313,T20190000671,Finished,12/1/2019,No,Collision with vehicle,Saturday,REAR END(VEHICLES IN SAME LANE),No,Day,Yes,T intersection,Other injury accident,80 km/hr,No,145.0879,-38.39074,Intersection,MORNINGTON,METROPOLITAN SOUTH EAST REGION,7,1,0,0,1,6,4,3,0,4,2,0,0,1,0,0,0,0,0,0,0,3,0,2,1,0,RURAL_VICTORIA,RURAL_VICTORIA,MORNINGTON PENINSULA,METROPOLITAN SOUTH EAST REGION,C,Arterial Other,"Arterial Other,Local Road",Metro,2019,0,1
3474314,T20190000674,Finished,12/1/2019,No,Collision with vehicle,Saturday,REAR END(VEHICLES IN SAME LANE),No,Day,Yes,Not at intersection,Serious injury accident,80 km/hr,No,144.82994,-37.82219,Non-Intersection,BRIMBANK,METROPOLITAN NORTH WEST REGION,4,1,0,1,0,3,3,1,0,0,4,0,0,0,0,0,0,0,0,0,0,4,0,4,0,0,MELB_URBAN,MELB_URBAN,HOBSONS BAY,METROPOLITAN NORTH WEST REGION,,Arterial Highway,"Arterial Highway,Arterial Other",Metro,2019,0,1
3474315,T20190000675,Finished,7/1/2019,No,Collision with vehicle,Monday,CROSS TRAFFIC(INTERSECTIONS ONLY),No,Day,Yes,Cross intersection,Other injury accident,60 km/hr,No,145.03766,-37.88888,Intersection,GLEN EIRA,METROPOLITAN SOUTH EAST REGION,3,2,0,0,2,1,1,2,0,0,3,0,0,0,0,0,0,0,0,0,0,3,0,3,0,0,MELB_URBAN,MELB_URBAN,GLEN EIRA,METROPOLITAN SOUTH EAST REGION,,Local Road,Local Road,Metro,2019,0,1
3474316,T20190000676,Finished,12/1/2019,No,Collision with vehicle,Saturday,HEAD ON (NOT OVERTAKING),No,Day,Yes,Not at intersection,Serious injury accident,100 km/hr,No,146.43211,-38.01642,Non-Intersection,BAW BAW,EASTERN REGION,2,1,0,1,0,1,2,0,0,0,1,0,0,1,0,0,0,0,0,0,1,2,0,1,1,0,RURAL_VICTORIA,RURAL_VICTORIA,BAW BAW,"EASTERN REGION,EASTERN REGION",,Local Road,Local Road,Country,2019,0,1
3474317,T20190000678,Finished,12/1/2019,No,Struck Pedestrian,Friday,PED EMERGES FROM IN FRONT OF PARKED OR STATIONARY VEHICLE,No,Day,Yes,T intersection,Other injury accident,40 km/hr,No,144.96533,-37.74858,Intersection,MORELAND,METROPOLITAN NORTH WEST REGION,4,1,0,0,1,3,2,2,0,2,1,1,0,0,0,0,0,1,0,0,0,1,0,1,0,0,MELB_URBAN,MELB_URBAN,MORELAND,METROPOLITAN NORTH WEST REGION,,Arterial Other,"Arterial Other,Local Road",Metro,2019,0,1
3474318,T20190000679,Finished,12/1/2019,Yes,Collision with a fixed object,Saturday,OFF LEFT BEND INTO OBJECT/PARKED VEHICLE,No,Day,Yes,Not at intersection,Other injury accident,100 km/hr,Yes,144.20547,-36.699,Non-Intersection,BENDIGO,NORTHERN REGION,1,1,0,0,1,0,1,0,0,0,1,0,0,0,0,0,0,0,0,0,0,1,0,1,0,0,RURAL_VICTORIA,RURAL_VICTORIA,BENDIGO,NORTHERN REGION,B,Arterial Highway,Arterial Highway,Country,2019,0,1
3474319,T20190000682,Finished,12/1/2019,Yes,Collision with vehicle,Saturday,REAR END(VEHICLES IN SAME LANE),No,Day,Yes,Not at intersection,Other injury accident,60 km/hr,No,145.03709,-37.91824,Non-Intersection,GLEN EIRA,METROPOLITAN SOUTH EAST REGION,7,1,0,0,1,6,4,3,0,4,3,0,0,0,0,0,0,0,0,0,0,3,0,3,0,0,MELB_URBAN,MELB_URBAN,GLEN EIRA,METROPOLITAN SOUTH EAST REGION,,Arterial Other,Arterial Other,Metro,2019,0,1
3474320,T20190000684,Finished,12/1/2019,No,Collision with vehicle,Friday,REAR END(VEHICLES IN SAME LANE),No,Day,No,Cross intersection,Other injury accident,40 km/hr,No,144.99781,-37.77524,Intersection,DAREBIN,METROPOLITAN NORTH WEST REGION,2,1,0,0,1,1,1,0,0,0,2,0,0,0,0,0,0,0,0,0,0,2,0,2,0,0,MELB_URBAN,MELB_URBAN,DAREBIN,METROPOLITAN NORTH WEST REGION,,Local Road,Local Road,Metro,2019,0,1
3474347,T20190000185,Finished,4/1/2019,No,Struck Pedestrian,Friday,VEH STRIKES PED ON FOOTPATH/MEDIAN/TRAFFIC ISLAND.,No,Day,Yes,Cross intersection,Other injury accident,60 km/hr,No,145.19366,-37.81637,Intersection,WHITEHORSE,METROPOLITAN SOUTH EAST REGION,2,1,0,0,1,1,1,1,0,0,1,1,0,0,0,0,0,0,0,0,0,1,0,1,0,0,MELB_URBAN,MELB_URBAN,WHITEHORSE,METROPOLITAN SOUTH EAST REGION,,Arterial Highway,"Arterial Highway,Arterial Other",Metro,2019,0,1
3474349,T20190000191,Finished,4/1/2019,No,Struck Pedestrian,Thursday,PED NEAR SIDE. PED HIT BY VEHICLE FROM THE RIGHT.,No,Day,Yes,T intersection,Other injury accident,60 km/hr,No,145.15906,-37.67424,Intersection,NILLUMBIK,METROPOLITAN NORTH WEST REGION,3,1,0,0,1,2,0,2,0,1,1,1,0,0,0,0,0,1,0,0,1,1,0,1,0,0,MELB_URBAN,MELB_URBAN,NILLUMBIK,METROPOLITAN NORTH WEST REGION,,Arterial Other,"Arterial Other,Local Road",Metro,2019,0,1
3474351,T20190000197,Finished,4/1/2019,No,Collision with vehicle,Friday,LANE CHANGE RIGHT (NOT OVERTAKING),No,Day,Yes,Not at intersection,Serious injury accident,60 km/hr,No,144.88605,-37.77335,Non-Intersection,MARIBYRNONG,METROPOLITAN NORTH WEST REGION,4,2,0,1,1,2,1,1,0,1,1,0,1,1,0,0,0,0,0,1,0,2,0,1,1,0,MELB_URBAN,MELB_URBAN,MARIBYRNONG,METROPOLITAN NORTH WEST REGION,,Local Road,Local Road,Metro,2019,0,1
3474352,T20190000199,Finished,4/1/2019,No,Collision with a fixed object,Thursday,LEFT OFF CARRIAGEWAY INTO OBJECT/PARKED VEHICLE,No,Day,Yes,Not at intersection,Other injury accident,60 km/hr,Yes,144.86117,-37.80801,Non-Intersection,MARIBYRNONG,METROPOLITAN NORTH WEST REGION,1,1,0,0,1,0,1,0,0,0,1,0,0,0,0,0,0,0,0,0,0,1,0,1,0,0,MELB_URBAN,MELB_URBAN,MARIBYRNONG,METROPOLITAN NORTH WEST REGION,,Arterial Other,Arterial Other,Metro,2019,0,1
3474353,T20190000203,Finished,4/1/2019,No,Collision with vehicle,Friday,CROSS TRAFFIC(INTERSECTIONS ONLY),No,Day,Yes,Cross intersection,Other injury accident,50 km/hr,No,142.77651,-34.58663,Intersection,SWAN HILL,NORTHERN REGION,2,2,0,0,2,0,1,1,0,0,2,0,0,0,0,0,0,0,0,0,0,2,0,2,0,0,TOWNS,TOWNS,SWAN HILL,NORTHERN REGION,,Local Road,Local Road,Country,2019,0,1
3474354,T20190000204,Finished,4/1/2019,No,Vehicle overturned (no collision),Friday,OFF CARRIAGEWAY TO LEFT,No,Day,Yes,Not at intersection,Serious injury accident,75 km/hr,Yes,144.77091,-37.79868,Non-Intersection,BRIMBANK,METROPOLITAN NORTH WEST REGION,1,1,0,1,0,0,0,1,0,0,1,0,0,0,0,0,0,0,0,1,0,1,0,1,0,0,MELB_URBAN,MELB_URBAN,BRIMBANK,METROPOLITAN NORTH WEST REGION,,Arterial Other,Arterial Other,Metro,2019,0,1
3474355,T20190000206,Finished,4/1/2019,No,Collision with vehicle,Friday,RIGHT THROUGH,No,Day,Yes,T intersection,Other injury accident,60 km/hr,No,144.95219,-37.82185,Intersection,MELBOURNE,METROPOLITAN NORTH WEST REGION,2,1,0,0,1,1,1,1,0,0,2,0,0,0,0,0,0,0,0,0,0,2,0,2,0,0,MELB_URBAN,MELB_URBAN,MELBOURNE,METROPOLITAN NORTH WEST REGION,,Arterial Highway,"Arterial Highway,Local Road,Non Arterial",Metro,2019,0,1
3474356,T20190000209,Finished,4/1/2019,Yes,Collision with vehicle,Thursday,REAR END(VEHICLES IN SAME LANE),No,Day,Yes,Cross intersection,Other injury accident,60 km/hr,No,144.93106,-37.79454,Intersection,MELBOURNE,METROPOLITAN NORTH WEST REGION,2,1,0,0,1,1,2,0,0,0,1,0,0,1,0,0,0,0,0,0,0,2,0,1,1,0,MELB_URBAN,MELB_URBAN,MELBOURNE,METROPOLITAN NORTH WEST REGION,,Local Road,Local Road,Metro,2019,0,1
3474357,T20190000211,Finished,4/1/2019,Yes,Collision with vehicle,Friday,REAR END(VEHICLES IN SAME LANE),No,Day,Yes,Cross intersection,Other injury accident,80 km/hr,No,145.14591,-37.98361,Intersection,DANDENONG,METROPOLITAN SOUTH EAST REGION,5,2,0,0,2,3,2,3,0,0,5,0,0,0,0,0,0,0,0,1,0,5,0,5,0,0,MELB_URBAN,MELB_URBAN,"KINGSTON,DANDENONG",METROPOLITAN SOUTH EAST REGION,,Arterial Highway,"Arterial Highway,Arterial Other",Metro,2019,0,1
3474359,T20190000213,Finished,4/1/2019,No,Collision with vehicle,Friday,RIGHT THROUGH,No,Day,Yes,T intersection,Other injury accident,60 km/hr,No,144.92519,-37.69486,Non-Intersection,MORELAND,METROPOLITAN NORTH WEST REGION,3,1,0,0,1,2,1,1,0,1,2,0,0,0,0,0,0,0,0,0,0,2,0,2,0,0,MELB_URBAN,MELB_URBAN,MORELAND,METROPOLITAN NORTH WEST REGION,,Local Road,Local Road,Metro,2019,0,1
3474360,T20190000686,Finished,12/1/2019,Yes,Collision with vehicle,Saturday,RIGHT THROUGH,No,Day,Yes,Cross intersection,Serious injury accident,80 km/hr,No,145.32427,-38.1335,Intersection,CASEY,METROPOLITAN SOUTH EAST REGION,4,4,0,1,3,0,3,1,0,2,2,0,0,0,0,0,0,0,0,0,0,2,0,2,0,0,MELB_URBAN,"SMALL_TOWNS,MELB_URBAN",CASEY,METROPOLITAN SOUTH EAST REGION,C,Arterial Other,"Arterial Other,Local Road",Metro,2019,0,1