OBJECTID,ACCIDENT_NO,ACCIDENT_STATUS,ACCIDENT_DATE,ALCOHOLTIME,ACCIDENT_TYPE,DAY_OF_WEEK,DCA_CODE,HIT_RUN_FLAG,LIGHT_CONDITION,POLICE_ATTEND,ROAD_GEOMETRY,SEVERITY,SPEED_ZONE,RUN_OFFROAD,LONGITUDE,LATITUDE,NODE_TYPE,LGA_NAME,REGION_NAME,TOTAL_PERSONS,INJ_OR_FATAL,FATALITY,SERIOUSINJURY,OTHERINJURY,NONINJURED,MALES,FEMALES,BICYCLIST,PASSENGER,DRIVER,PEDESTRIAN,PILLION,MOTORIST,UNKNOWN,PED_CYCLIST_5_12,PED_CYCLIST_13_18,OLD_PEDESTRIAN,OLD_DRIVER,YOUNG_DRIVER,UNLICENCSED,NO_OF_VEHICLES,HEAVYVEHICLE,PASSENGERVEHICLE,MOTORCYCLE,PUBLICVEHICLE,DEG_URBAN_NAME,DEG_URBAN_ALL,LGA_NAME_ALL,REGION_NAME_ALL,SRNS_ALL,RMA,RMA_ALL,STAT_DIV_NAME,Year,ALCOHOL_RELATED,Month
3474361,T20190000688,Finished,12/1/2019,Yes,Collision with vehicle,Saturday,CROSS TRAFFIC(INTERSECTIONS ONLY),No,Day,Yes,Cross intersection,Other injury accident,80 km/hr,No,145.09335,-37.89378,Intersection,MONASH,METROPOLITAN SOUTH EAST REGION,3,1,0,0,1,2,2,1,0,1,2,0,0,0,0,0,0,0,0,1,0,2,0,2,0,0,MELB_URBAN,MELB_URBAN,MONASH,METROPOLITAN SOUTH EAST REGION,,Arterial Highway,"Arterial Highway,Local Road",Metro,2019,0,1
3474362,T20190000690,Finished,12/1/2019,Yes,Collision with vehicle,Saturday,CROSS TRAFFIC(INTERSECTIONS ONLY),No,Day,Yes,Not at intersection,Other injury accident,50 km/hr,No,145.0903,-37.91011,Non-Intersection,MONASH,METROPOLITAN SOUTH EAST REGION,2,1,0,0,1,1,1,1,1,0,1,0,0,0,0,1,0,0,0,0,0,2,0,1,0,0,MELB_URBAN,MELB_URBAN,MONASH,METROPOLITAN SOUTH EAST REGION,,Arterial Highway,Arterial Highway,Metro,2019,0,1
3474363,T20190000692,Finished,12/1/2019,Yes,Collision with vehicle,Saturday,LANE CHANGE RIGHT (NOT OVERTAKING),No,Day,Yes,Not at intersection,Other injury accident,80 km/hr,No,144.89545,-37.73516,Non-Intersection,MOONEE VALLEY,METROPOLITAN NORTH WEST REGION,2,1,0,0,1,1,2,0,0,0,1,0,0,1,0,0,0,0,0,1,0,2,0,1,1,0,MELB_URBAN,MELB_URBAN,MOONEE VALLEY,METROPOLITAN NORTH WEST REGION,M,Freeway,Freeway,Metro,2019,0,1
3474364,T20190000696,Finished,12/1/2019,Yes,Struck Pedestrian,Saturday,PED NEAR SIDE. PED HIT BY VEHICLE FROM THE RIGHT.,No,Dark Street lights on,Yes,Not at intersection,Serious injury accident,60 km/hr,No,145.25672,-37.79462,Non-Intersection,MAROONDAH,METROPOLITAN SOUTH EAST REGION,3,1,0,1,0,2,2,1,0,1,1,1,0,0,0,0,0,0,0,0,0,1,0,1,0,0,MELB_URBAN,MELB_URBAN,MAROONDAH,METROPOLITAN SOUTH EAST REGION,,Local Road,Local Road,Metro,2019,0,1
3474365,T20190000697,Finished,12/1/2019,Yes,Collision with a fixed object,Saturday,RIGHT OFF CARRIAGEWAY INTO OBJECT/PARKED VEHICLE,No,Dark No street lights,Yes,Not at intersection,Other injury accident,100 km/hr,Yes,143.73428,-37.66654,Non-Intersection,GOLDEN PLAINS,SOUTH WESTERN REGION,2,2,0,0,2,0,0,2,0,1,1,0,0,0,0,0,0,0,0,0,0,1,0,1,0,0,RURAL_VICTORIA,RURAL_VICTORIA,GOLDEN PLAINS,SOUTH WESTERN REGION,,Local Road,Local Road,Country,2019,0,1
3474366,T20190000698,Finished,12/1/2019,Yes,Collision with a fixed object,Friday,LEFT OFF CARRIAGEWAY INTO OBJECT/PARKED VEHICLE,No,Dark Street lights on,Yes,Not at intersection,Serious injury accident,70 km/hr,Yes,144.35472,-38.11458,Non-Intersection,GEELONG,SOUTH WESTERN REGION,2,1,0,1,0,1,1,1,0,1,1,0,0,0,0,0,0,0,0,0,0,1,0,1,0,0,LARGE_PROVINCIAL_CITIES,LARGE_PROVINCIAL_CITIES,GEELONG,SOUTH WESTERN REGION,A,Arterial Highway,Arterial Highway,Country,2019,0,1
3474367,T20190000699,Finished,13/1/2019,Yes,Collision with vehicle,Sunday,LEFT OFF CARRIAGEWAY INTO OBJECT/PARKED VEHICLE,No,Dark No street lights,Yes,Not at intersection,Other injury accident,60 km/hr,Yes,145.28518,-37.84821,Non-Intersection,KNOX,METROPOLITAN SOUTH EAST REGION,1,1,0,0,1,0,1,0,0,0,1,0,0,0,0,0,0,0,0,0,0,3,0,2,0,0,MELB_URBAN,MELB_URBAN,KNOX,METROPOLITAN SOUTH EAST REGION,,Local Road,Local Road,Metro,2019,0,1
3474368,T20190000701,Finished,13/1/2019,Yes,Struck Pedestrian,Sunday,FAR SIDE. PED HIT BY VEHICLE FROM THE LEFT,No,Dark Street lights on,Yes,Cross intersection,Other injury accident,60 km/hr,No,144.97488,-37.79795,Intersection,MELBOURNE,METROPOLITAN NORTH WEST REGION,2,1,0,0,1,1,2,0,0,0,1,1,0,0,0,0,0,0,0,0,0,1,0,1,0,0,MELB_URBAN,MELB_URBAN,"YARRA,MELBOURNE",METROPOLITAN NORTH WEST REGION,,Arterial Other,"Arterial Other,Local Road",Metro,2019,0,1
3474369,T20190000704,Finished,12/1/2019,Yes,Collision with a fixed object,Saturday,OUT OF CONTROL (OVERTAKING),No,Dark No street lights,Yes,Not at intersection,Other injury accident,60 km/hr,Yes,145.34566,-37.89086,Non-Intersection,YARRA RANGES,METROPOLITAN SOUTH EAST REGION,1,1,0,0,1,0,1,0,0,0,1,0,0,0,0,0,0,0,0,0,0,1,0,1,0,0,MELB_URBAN,MELB_URBAN,YARRA RANGES,METROPOLITAN SOUTH EAST REGION,,Local Road,Local Road,Metro,2019,0,1
3474370,T20190000708,Finished,13/1/2019,Yes,Other accident,Sunday,OTHER ACCIDENTS NOT CLASSIFIABLE ELSEWHERE,Not known,Unk.,No,Not at intersection,Other injury accident,Not known,No,144.96672,-37.81766,Non-Intersection,MELBOURNE,METROPOLITAN NORTH WEST REGION,1,1,0,0,1,0,1,0,1,0,0,0,0,0,0,0,0,0,0,0,0,1,0,0,0,0,MELBOURNE_CBD,"MELBOURNE_CBD,MELB_URBAN",MELBOURNE,METROPOLITAN NORTH WEST REGION,,Local Road,Local Road,Metro,2019,0,1
3474371,T20190000709,Finished,13/1/2019,Yes,Struck Pedestrian,Sunday,PED WALKING WITH TRAFFIC,No,Dark Street lights on,Yes,Not at intersection,Other injury accident,40 km/hr,No,144.97895,-37.79548,Non-Intersection,YARRA,METROPOLITAN NORTH WEST REGION,2,1,0,0,1,1,1,1,0,0,1,1,0,0,0,0,0,0,0,1,0,1,0,1,0,0,MELB_URBAN,MELB_URBAN,YARRA,METROPOLITAN NORTH WEST REGION,,Local Road,Local Road,Metro,2019,0,1
3474372,T20190000710,Finished,13/1/2019,No,Struck Pedestrian,,FAR SIDE. PED HIT BY VEHICLE FROM THE LEFT,No,Dark Street lights on,Yes,Not at intersection,Other injury accident,60 km/hr,No,145.00005,-37.82592,Non-Intersection,YARRA,METROPOLITAN NORTH WEST REGION,2,1,0,0,1,1,1,1,0,0,1,1,0,0,0,0,0,0,0,1,0,1,0,1,0,0,MELB_URBAN,MELB_URBAN,YARRA,METROPOLITAN NORTH WEST REGION,,Arterial Other,Arterial Other,Metro,2019,0,1
3474399,T20190000215,Finished,4/1/2019,Yes,Collision with a fixed object,Friday,LEFT OFF CARRIAGEWAY INTO OBJECT/PARKED VEHICLE,No,Day,Yes,Not at intersection,Other injury accident,100 km/hr,Yes,144.0884,-36.57083,Non-Intersection,LODDON,NORTHERN REGION,1,1,0,0,1,0,0,1,0,0,1,0,0,0,0,0,0,0,0,0,0,1,0,1,0,0,RURAL_VICTORIA,RURAL_VICTORIA,LODDON,NORTHERN REGION,B,Arterial Highway,Arterial Highway,Country,2019,0,1
3474400,T20190000217,Finished,4/1/2019,Yes,Collision with a fixed object,Friday,OFF RIGHT BEND INTO OBJECT/PARKED VEHICLE,No,Day,Yes,Not at intersection,Other injury accident,100 km/hr,Yes,145.8438,-38.36922,Non-Intersection,SOUTH GIPPSLAND,EASTERN REGION,3,1,0,0,1,2,2,1,0,2,1,0,0,0,0,0,0,0,0,1,0,1,0,1,0,0,RURAL_VICTORIA,RURAL_VICTORIA,SOUTH GIPPSLAND,"EASTERN REGION,EASTERN REGION",C,Arterial Other,Arterial Other,Country,2019,0,1
3474401,T20190000219,Finished,4/1/2019,Yes,Collision with a fixed object,Thursday,OFF END OF ROAD/T-INTERSECTION.,No,Day,Yes,T intersection,Other injury accident,60 km/hr,No,144.37902,-38.05545,Intersection,GEELONG,SOUTH WESTERN REGION,1,1,0,0,1,0,1,0,0,0,1,0,0,0,0,0,0,0,0,0,0,1,0,1,0,0,LARGE_PROVINCIAL_CITIES,LARGE_PROVINCIAL_CITIES,GEELONG,SOUTH WESTERN REGION,,Local Road,Local Road,Country,2019,0,1
3474402,T20190000222,Finished,4/1/2019,Yes,Collision with a fixed object,Friday,LEFT OFF CARRIAGEWAY INTO OBJECT/PARKED VEHICLE,No,Dark Street lights on,Yes,Cross intersection,Serious injury accident,80 km/hr,Yes,145.18924,-38.23858,Intersection,MORNINGTON,METROPOLITAN SOUTH EAST REGION,6,4,0,4,0,2,3,1,0,4,2,0,0,0,0,0,0,0,0,1,0,2,0,2,0,0,MELB_URBAN,"RURAL_VICTORIA,MELB_URBAN",MORNINGTON PENINSULA,METROPOLITAN SOUTH EAST REGION,C,Arterial Other,"Arterial Other,Local Road",Metro,2019,1,1
3474403,T20190000223,Finished,5/1/2019,Yes,Collision with vehicle,Saturday,VEHICLE OFF FOOTPATH STRIKES VEH ON CARRIAGEWAY,No,Dark Street lights on,Yes,T intersection,Other injury accident,40 km/hr,No,146.8897,-36.12604,Intersection,WODONGA,NORTH EASTERN REGION,4,1,0,0,1,3,2,0,0,1,1,0,1,1,0,0,0,0,0,0,1,2,0,1,1,0,SMALL_CITIES,SMALL_CITIES,WODONGA,NORTH EASTERN REGION,,Local Road,Local Road,Country,2019,0,1
3474404,T20190000224,Finished,5/1/2019,Yes,Collision with a fixed object,Friday,RIGHT OFF CARRIAGEWAY INTO OBJECT/PARKED VEHICLE,No,Dark No street lights,Yes,T intersection,Other injury accident,60 km/hr,Yes,145.36414,-37.8199,Intersection,YARRA RANGES,METROPOLITAN SOUTH EAST REGION,2,2,0,0,2,0,2,0,0,1,1,0,0,0,0,0,0,0,0,1,0,1,0,1,0,0,MELB_URBAN,MELB_URBAN,YARRA RANGES,METROPOLITAN SOUTH EAST REGION,C,Arterial Other,"Arterial Other,Local Road",Metro,2019,0,1
3474405,T20190000226,Finished,4/1/2019,No,Struck Pedestrian,Thursday,PED NEAR SIDE. PED HIT BY VEHICLE FROM THE RIGHT.,No,Day,Yes,Not at intersection,Serious injury accident,50 km/hr,No,144.74358,-38.33846,Non-Intersection,MORNINGTON,METROPOLITAN SOUTH EAST REGION,3,1,0,1,0,2,2,1,0,1,1,1,0,0,0,0,0,0,0,1,0,1,0,1,0,0,MELB_URBAN,MELB_URBAN,MORNINGTON PENINSULA,METROPOLITAN SOUTH EAST REGION,B,Arterial Highway,Arterial Highway,Metro,2019,0,1
3474406,T20190000227,Finished,4/1/2019,No,Collision with vehicle,Thursday,REAR END(VEHICLES IN SAME LANE),No,Day,No,T intersection,Other injury accident,60 km/hr,No,144.7088,-37.83621,Intersection,WYNDHAM,METROPOLITAN NORTH WEST REGION,2,1,0,0,1,1,2,0,0,0,2,0,0,0,0,0,0,0,0,0,0,2,0,2,0,0,MELB_URBAN,"RURAL_VICTORIA,MELB_URBAN",WYNDHAM,METROPOLITAN NORTH WEST REGION,,Local Road,Local Road,Metro,2019,0,1
3474408,T20190000231,Finished,5/1/2019,No,Collision with vehicle,Friday,REAR END(VEHICLES IN SAME LANE),No,Day,No,Not at intersection,Other injury accident,60 km/hr,No,144.99227,-37.87653,Non-Intersection,PORT PHILLIP,METROPOLITAN NORTH WEST REGION,2,1,0,0,1,1,1,1,0,0,1,0,0,1,0,0,0,0,0,0,0,2,0,1,1,0,MELB_URBAN,MELB_URBAN,PORT PHILLIP,METROPOLITAN NORTH WEST REGION,,Arterial Highway,Arterial Highway,Metro,2019,0,1
3474409,T20190000232,Finished,5/1/2019,No,Collision with vehicle,Saturday,LEFT THROUGH,No,Day,Yes,Not at intersection,Serious injury accident,80 km/hr,No,146.41974,-38.23967,Non-Intersection,LATROBE,EASTERN REGION,2,2,0,2,0,0,2,0,0,0,2,0,0,0,0,0,0,0,0,0,0,2,0,2,0,0,SMALL_CITIES,SMALL_CITIES,LATROBE,"EASTERN REGION,EASTERN REGION",C,Arterial Other,Arterial Other,Country,2019,0,1
3474410,T20190000234,Finished,5/1/2019,No,Collision with vehicle,Friday,CROSS TRAFFIC(INTERSECTIONS ONLY),No,Day,Yes,Cross intersection,Other injury accident,60 km/hr,No,145.03032,-37.79912,Intersection,BOROONDARA,METROPOLITAN SOUTH EAST REGION,2,1,0,0,1,1,2,0,1,0,1,0,0,0,0,0,0,0,0,0,0,2,0,1,0,0,MELB_URBAN,MELB_URBAN,BOROONDARA,METROPOLITAN SOUTH EAST REGION,,Arterial Other,"Arterial Other,Local Road",Metro,2019,0,1
3474411,T20190000235,Finished,4/1/2019,Yes,Collision with vehicle,Friday,REAR END(VEHICLES IN SAME LANE),No,Day,No,Not at intersection,Other injury accident,80 km/hr,No,145.2116,-38.11936,Non-Intersection,FRANKSTON,METROPOLITAN SOUTH EAST REGION,3,1,0,0,1,2,2,1,0,0,3,0,0,0,0,0,0,0,0,1,0,3,0,3,0,0,MELB_URBAN,MELB_URBAN,FRANKSTON,METROPOLITAN SOUTH EAST REGION,,Arterial Other,Arterial Other,Metro,2019,0,1
3474412,T20190000712,Finished,10/1/2019,Yes,Struck Pedestrian,Wednesday,PED NEAR SIDE. PED HIT BY VEHICLE FROM THE RIGHT.,No,Day,No,Cross intersection,Other injury accident,60 km/hr,No,144.94777,-37.80498,Intersection,MELBOURNE,METROPOLITAN NORTH WEST REGION,2,1,0,0,1,1,1,0,0,0,0,1,0,0,1,0,0,0,0,0,0,1,0,0,0,0,MELB_URBAN,MELB_URBAN,MELBOURNE,METROPOLITAN NORTH WEST REGION,,Arterial Other,"Arterial Other,Local Road",Metro,2019,0,1
3474413,T20190000715,Finished,8/1/2019,No,Struck Pedestrian,Monday,PED ON FOOTHPATH STRUCK BY VEHENTERING/LEAVING DRIVEWAY.,No,Day,No,Not at intersection,Other injury accident,50 km/hr,No,143.81992,-37.5444,Non-Intersection,BALLARAT,WESTERN REGION,2,1,0,0,1,1,1,1,0,0,1,1,0,0,0,0,0,0,0,0,0,1,0,1,0,0,LARGE_PROVINCIAL_CITIES,LARGE_PROVINCIAL_CITIES,BALLARAT,WESTERN REGION,,Local Road,Local Road,Country,2019,0,1
3474414,T20190000719,Finished,13/1/2019,No,Collision with vehicle,Sunday,OTHER SAME DIRECTION-MANOUEVRES NOT INCLUDED IN DCAs 130-137,No,Day,Yes,Not at intersection,Serious injury accident,80 km/hr,No,145.0886,-37.69082,Non-Intersection,NILLUMBIK,METROPOLITAN NORTH WEST REGION,2,1,0,1,0,1,1,1,0,0,0,0,0,2,0,0,0,0,0,0,0,2,0,0,2,0,MELB_URBAN,MELB_URBAN,NILLUMBIK,METROPOLITAN NORTH WEST REGION,M,Freeway,Freeway,Metro,2019,0,1
3474415,T20190000720,Finished,13/1/2019,Yes,Collision with a fixed object,Sunday,OFF LEFT BEND INTO OBJECT/PARKED VEHICLE,No,Day,Yes,Not at intersection,Fatal accident,60 km/hr,Yes,145.37318,-36.40425,Non-Intersection,SHEPPARTON,NORTH EASTERN REGION,1,1,1,0,0,0,1,0,0,0,0,0,0,1,0,0,0,0,0,0,0,1,0,0,1,0,SMALL_CITIES,SMALL_CITIES,SHEPPARTON,NORTH EASTERN REGION,,Local Road,Local Road,Country,2019,0,1
3474416,T20190000721,Finished,13/1/2019,No,Collision with a fixed object,Sunday,OUT OF CONTROL (OVERTAKING),No,Day,Yes,Not at intersection,Other injury accident,50 km/hr,Yes,144.90829,-37.7694,Non-Intersection,MOONEE VALLEY,METROPOLITAN NORTH WEST REGION,1,1,0,0,1,0,1,0,0,0,1,0,0,0,0,0,0,0,0,0,0,1,0,1,0,0,MELB_URBAN,MELB_URBAN,MOONEE VALLEY,METROPOLITAN NORTH WEST REGION,,Local Road,Local Road,Metro,2019,0,1
3474417,T20190000722,Finished,13/1/2019,No,Collision with vehicle,,REAR END(VEHICLES IN SAME LANE),No,Day,Yes,Not at intersection,Other injury accident,100 km/hr,No,145.16493,-38.08796,Non-Intersection,FRANKSTON,METROPOLITAN SOUTH EAST REGION,3,1,0,0,1,2,2,1,0,0,3,0,0,0,0,0,0,0,0,2,0,3,0,3,0,0,MELB_URBAN,MELB_URBAN,FRANKSTON,METROPOLITAN SOUTH EAST REGION,M,Freeway,Freeway,Metro,2019,0,1
3474418,T20190000723,Finished,13/1/2019,No,Collision with vehicle,,REAR END(VEHICLES IN SAME LANE),No,Day,Yes,T intersection,Other injury accident,60 km/hr,No,144.75137,-37.75205,Intersection,MELTON,METROPOLITAN NORTH WEST REGION,3,1,0,0,1,2,2,1,0,0,3,0,0,0,0,0,0,0,0,1,0,3,0,3,0,0,MELB_URBAN,MELB_URBAN,MELTON,METROPOLITAN NORTH WEST REGION,,Local Road,Local Road,Metro,2019,0,1
3474420,T20190000725,Finished,12/1/2019,Yes,Collision with vehicle,Saturday,REAR END(VEHICLES IN SAME LANE),No,Dark Street lights on,Yes,T intersection,Serious injury accident,70 km/hr,No,144.807,-38.36764,Intersection,MORNINGTON,METROPOLITAN SOUTH EAST REGION,8,3,0,1,2,5,6,1,0,5,3,0,0,0,0,0,0,0,0,1,0,3,0,3,0,0,MELB_URBAN,MELB_URBAN,MORNINGTON PENINSULA,METROPOLITAN SOUTH EAST REGION,,Local Road,Local Road,Metro,2019,0,1
3474421,T20190000726,Finished,13/1/2019,No,Collision with vehicle,Sunday,RIGHT THROUGH,No,Day,Yes,T intersection,Other injury accident,100 km/hr,No,145.76622,-38.41065,Intersection,SOUTH GIPPSLAND,EASTERN REGION,6,2,0,0,2,4,4,2,0,3,3,0,0,0,0,0,0,0,0,0,0,3,1,2,0,0,RURAL_VICTORIA,RURAL_VICTORIA,SOUTH GIPPSLAND,"EASTERN REGION,EASTERN REGION",A,Arterial Highway,"Arterial Highway,Local Road",Country,2019,0,1
3474422,T20190000729,Finished,13/1/2019,No,Collision with vehicle,,RIGHT THROUGH,No,Day,Yes,T intersection,Other injury accident,60 km/hr,No,144.93408,-37.80954,Intersection,MELBOURNE,METROPOLITAN NORTH WEST REGION,6,3,0,0,3,3,3,3,0,4,2,0,0,0,0,0,0,0,0,0,0,2,0,2,0,0,MELB_URBAN,MELB_URBAN,MELBOURNE,METROPOLITAN NORTH WEST REGION,M,Freeway,"Freeway,Arterial Highway",Metro,2019,0,1
3474423,T20190000730,Finished,13/1/2019,No,Collision with vehicle,Sunday,RIGHT THROUGH,No,Day,Yes,Cross intersection,Other injury accident,80 km/hr,No,145.06626,-37.68831,Intersection,WHITTLESEA,METROPOLITAN NORTH WEST REGION,7,3,0,0,3,4,1,6,0,5,2,0,0,0,0,0,0,0,0,0,0,2,0,2,0,0,MELB_URBAN,MELB_URBAN,WHITTLESEA,METROPOLITAN NORTH WEST REGION,,Arterial Highway,"Arterial Highway,Local Road",Metro,2019,0,1
3474424,T20190000731,Finished,13/1/2019,No,Collision with vehicle,Sunday,RIGHT THROUGH,No,Day,Yes,Not at intersection,Other injury accident,60 km/hr,No,144.84183,-37.77077,Non-Intersection,BRIMBANK,METROPOLITAN NORTH WEST REGION,3,1,0,0,1,2,1,1,0,1,2,0,0,0,0,0,0,0,0,1,0,2,0,2,0,0,MELB_URBAN,MELB_URBAN,BRIMBANK,METROPOLITAN NORTH WEST REGION,,Local Road,Local Road,Metro,2019,0,1
3474451,T20190000238,Finished,5/1/2019,No,Collision with vehicle,Saturday,LEFT NEAR (INTERSECTIONS ONLY),No,Day,Yes,T intersection,Other injury accident,60 km/hr,No,145.13412,-37.84238,Intersection,WHITEHORSE,METROPOLITAN SOUTH EAST REGION,2,1,0,0,1,1,0,2,0,0,2,0,0,0,0,0,0,0,0,1,0,2,0,2,0,0,MELB_URBAN,MELB_URBAN,WHITEHORSE,METROPOLITAN SOUTH EAST REGION,,Arterial Other,"Arterial Other,Local Road",Metro,2019,0,1
3474452,T20190000239,Finished,5/1/2019,No,Collision with a fixed object,Saturday,LEFT OFF CARRIAGEWAY INTO OBJECT/PARKED VEHICLE,No,Day,Yes,Not at intersection,Other injury accident,60 km/hr,Yes,145.4436,-37.92257,Non-Intersection,CARDINIA,METROPOLITAN SOUTH EAST REGION,3,2,0,0,2,1,0,3,0,2,1,0,0,0,0,0,0,0,0,0,0,1,0,1,0,0,MELB_URBAN,MELB_URBAN,CARDINIA,METROPOLITAN SOUTH EAST REGION,C,Arterial Other,Arterial Other,Metro,2019,0,1
3474453,T20190000241,Finished,5/1/2019,Yes,collision with some other object,Friday,STRUCK OBJECT ON CARRIAGEWAY,No,Dark Street lights unknown,No,Not at intersection,Other injury accident,80 km/hr,No,145.22303,-37.71376,Non-Intersection,NILLUMBIK,METROPOLITAN NORTH WEST REGION,1,1,0,0,1,0,1,0,0,0,1,0,0,0,0,0,0,0,0,0,0,1,0,1,0,0,RURAL_VICTORIA,RURAL_VICTORIA,NILLUMBIK,METROPOLITAN NORTH WEST REGION,,Arterial Other,Arterial Other,Metro,2019,0,1
3474454,T20190000242,Finished,5/1/2019,No,Collision with vehicle,Saturday,RIGHT THROUGH,No,Day,Yes,Cross intersection,Serious injury accident,60 km/hr,No,145.05779,-37.96567,Intersection,KINGSTON,METROPOLITAN SOUTH EAST REGION,3,2,0,2,0,1,2,1,0,1,2,0,0,0,0,0,0,0,1,1,0,2,0,2,0,0,MELB_URBAN,MELB_URBAN,KINGSTON,METROPOLITAN SOUTH EAST REGION,,Arterial Highway,"Arterial Highway,Local Road,Arterial Other",Metro,2019,0,1
3474455,T20190000245,Finished,5/1/2019,No,Collision with vehicle,Saturday,RIGHT THROUGH,No,Day,Yes,T intersection,Other injury accident,100 km/hr,No,144.60883,-38.26096,Intersection,GEELONG,SOUTH WESTERN REGION,7,1,0,0,1,6,2,5,0,5,2,0,0,0,0,0,0,0,0,0,0,2,0,2,0,0,RURAL_VICTORIA,RURAL_VICTORIA,GEELONG,SOUTH WESTERN REGION,"B,C",Arterial Highway,"Arterial Highway,Arterial Other",Country,2019,0,1
3474456,T20190000247,Finished,5/1/2019,No,Collision with vehicle,Friday,LANE CHANGE RIGHT (NOT OVERTAKING),No,Day,Yes,T intersection,Other injury accident,60 km/hr,No,145.11977,-37.82851,Non-Intersection,WHITEHORSE,METROPOLITAN SOUTH EAST REGION,4,1,0,0,1,3,2,2,0,2,2,0,0,0,0,0,0,0,1,0,0,2,0,2,0,0,MELB_URBAN,MELB_URBAN,WHITEHORSE,METROPOLITAN SOUTH EAST REGION,,Arterial Other,Arterial Other,Metro,2019,0,1
3474457,T20190000255,Finished,3/1/2019,Yes,Collision with a fixed object,Thursday,OFF LEFT BEND INTO OBJECT/PARKED VEHICLE,No,Day,No,T intersection,Other injury accident,60 km/hr,Yes,145.02644,-38.37778,Intersection,MORNINGTON,METROPOLITAN SOUTH EAST REGION,1,1,0,0,1,0,1,0,0,0,0,0,0,1,0,0,0,0,0,0,0,1,0,0,1,0,SMALL_TOWNS,"SMALL_TOWNS,RURAL_VICTORIA",MORNINGTON PENINSULA,METROPOLITAN SOUTH EAST REGION,,Local Road,Local Road,Metro,2019,0,1
3474458,T20190000257,Finished,5/1/2019,No,Collision with vehicle,Friday,REAR END(VEHICLES IN SAME LANE),No,Day,Yes,Not at intersection,Other injury accident,60 km/hr,No,145.04496,-37.89016,Non-Intersection,GLEN EIRA,METROPOLITAN SOUTH EAST REGION,2,1,0,0,1,1,2,0,0,0,2,0,0,0,0,0,0,0,1,0,0,2,0,2,0,0,MELB_URBAN,MELB_URBAN,GLEN EIRA,METROPOLITAN SOUTH EAST REGION,,Arterial Other,Arterial Other,Metro,2019,0,1
3474459,T20190000260,Finished,5/1/2019,Yes,Collision with vehicle,Friday,CROSS TRAFFIC(INTERSECTIONS ONLY),Yes,Dusk/Dawn,Yes,Cross intersection,Other injury accident,60 km/hr,No,143.87057,-37.56995,Intersection,BALLARAT,WESTERN REGION,2,1,0,0,1,1,1,0,1,0,0,0,0,0,1,0,0,0,0,0,0,2,0,0,0,0,LARGE_PROVINCIAL_CITIES,LARGE_PROVINCIAL_CITIES,BALLARAT,WESTERN REGION,C,Arterial Other,"Arterial Other,Local Road",Country,2019,0,1
3474460,T20190000262,Finished,4/1/2019,Yes,Collision with vehicle,Thursday,CROSS TRAFFIC(INTERSECTIONS ONLY),Yes,Day,Yes,Cross intersection,Other injury accident,80 km/hr,No,145.16131,-38.10943,Intersection,FRANKSTON,METROPOLITAN SOUTH EAST REGION,2,1,0,0,1,1,1,1,0,0,2,0,0,0,0,0,0,0,0,2,0,2,0,2,0,0,MELB_URBAN,MELB_URBAN,FRANKSTON,METROPOLITAN SOUTH EAST REGION,,Arterial Highway,Arterial Highway,Metro,2019,0,1
3474461,T20190000263,Finished,3/1/2019,No,Collision with vehicle,Thursday,REAR END(VEHICLES IN SAME LANE),No,Unk.,No,T intersection,Other injury accident,50 km/hr,No,145.12758,-37.92961,Intersection,KINGSTON,METROPOLITAN SOUTH EAST REGION,2,1,0,0,1,1,1,1,0,0,2,0,0,0,0,0,0,0,0,0,0,2,0,2,0,0,MELB_URBAN,MELB_URBAN,"MONASH,KINGSTON",METROPOLITAN SOUTH EAST REGION,,Arterial Other,"Arterial Other,Local Road",Metro,2019,0,1
3474462,T20190000264,Finished,5/1/2019,Yes,Collision with vehicle,Saturday,CROSS TRAFFIC(INTERSECTIONS ONLY),No,Day,Yes,Cross intersection,Other injury accident,60 km/hr,No,144.502,-36.78694,Intersection,BENDIGO,NORTHERN REGION,6,3,0,0,3,3,3,2,0,3,2,0,0,0,1,0,0,0,0,0,1,2,0,2,0,0,SMALL_TOWNS,SMALL_TOWNS,BENDIGO,NORTHERN REGION,B,Arterial Highway,"Arterial Highway,Local Road",Country,2019,0,1
3474463,T20190000265,Finished,5/1/2019,No,Collision with vehicle,Saturday,HEAD ON (NOT OVERTAKING),No,Day,Yes,Not at intersection,Other injury accident,80 km/hr,No,143.27831,-38.74685,Non-Intersection,COLAC OTWAY,SOUTH WESTERN REGION,3,1,0,0,1,2,2,1,0,1,1,0,0,1,0,0,0,0,0,1,0,2,0,1,1,0,RURAL_VICTORIA,RURAL_VICTORIA,CORANGAMITE,SOUTH WESTERN REGION,B,Arterial Highway,Arterial Highway,Country,2019,0,1
3474464,T20190000732,Finished,13/1/2019,No,Collision with vehicle,,CROSS TRAFFIC(INTERSECTIONS ONLY),No,Day,Yes,Cross intersection,Other injury accident,60 km/hr,No,144.89128,-37.77631,Intersection,MARIBYRNONG,METROPOLITAN NORTH WEST REGION,2,1,0,0,1,1,2,0,1,0,1,0,0,0,0,0,0,0,0,0,0,2,0,1,0,0,MELB_URBAN,MELB_URBAN,MARIBYRNONG,METROPOLITAN NORTH WEST REGION,,Arterial Other,"Arterial Other,Local Road",Metro,2019,0,1