OBJECTID,ACCIDENT_NO,ACCIDENT_STATUS,ACCIDENT_DATE,ALCOHOLTIME,ACCIDENT_TYPE,DAY_OF_WEEK,DCA_CODE,HIT_RUN_FLAG,LIGHT_CONDITION,POLICE_ATTEND,ROAD_GEOMETRY,SEVERITY,SPEED_ZONE,RUN_OFFROAD,LONGITUDE,LATITUDE,NODE_TYPE,LGA_NAME,REGION_NAME,TOTAL_PERSONS,INJ_OR_FATAL,FATALITY,SERIOUSINJURY,OTHERINJURY,NONINJURED,MALES,FEMALES,BICYCLIST,PASSENGER,DRIVER,PEDESTRIAN,PILLION,MOTORIST,UNKNOWN,PED_CYCLIST_5_12,PED_CYCLIST_13_18,OLD_PEDESTRIAN,OLD_DRIVER,YOUNG_DRIVER,UNLICENCSED,NO_OF_VEHICLES,HEAVYVEHICLE,PASSENGERVEHICLE,MOTORCYCLE,PUBLICVEHICLE,DEG_URBAN_NAME,DEG_URBAN_ALL,LGA_NAME_ALL,REGION_NAME_ALL,SRNS_ALL,RMA,RMA_ALL,STAT_DIV_NAME,Year,ALCOHOL_RELATED,Month
3474465,T20190000733,Finished,13/1/2019,No,Collision with vehicle,,REAR END(VEHICLES IN SAME LANE),No,Day,Yes,Not at intersection,Other injury accident,100 km/hr,No,145.12531,-38.23167,Non-Intersection,MORNINGTON,METROPOLITAN SOUTH EAST REGION,3,1,0,0,1,2,1,2,0,1,2,0,0,0,0,0,0,0,1,0,0,2,0,2,0,0,RURAL_VICTORIA,RURAL_VICTORIA,MORNINGTON PENINSULA,METROPOLITAN SOUTH EAST REGION,M,Freeway,Freeway,Metro,2019,0,1
3474466,T20190000734,Finished,13/1/2019,No,Collision with vehicle,Sunday,RIGHT TURN SIDESWIPE,No,Day,Yes,Multiple intersection,Serious injury accident,60 km/hr,No,144.36269,-38.19818,Intersection,GEELONG,SOUTH WESTERN REGION,2,2,0,1,1,0,2,0,0,0,0,0,0,2,0,0,0,0,0,0,0,2,0,0,2,0,RURAL_VICTORIA,RURAL_VICTORIA,GEELONG,SOUTH WESTERN REGION,C,Arterial Other,"Arterial Other,Local Road",Country,2019,0,1
3474467,T20190000737,Finished,13/1/2019,No,Collision with a fixed object,Sunday,OFF RIGHT BEND INTO OBJECT/PARKED VEHICLE,No,Day,Yes,T intersection,Other injury accident,50 km/hr,Yes,145.15832,-37.89105,Non-Intersection,MONASH,METROPOLITAN SOUTH EAST REGION,1,1,0,0,1,0,1,0,0,0,1,0,0,0,0,0,0,0,1,0,0,1,0,1,0,0,MELB_URBAN,MELB_URBAN,MONASH,METROPOLITAN SOUTH EAST REGION,,Local Road,Local Road,Metro,2019,0,1
3474468,T20190000743,Finished,13/1/2019,No,No collision and no object struck,Sunday,OTHER MANOEUVRING NOT INCLUDED IN DCAs 140-148,No,Day,Yes,Not at intersection,Other injury accident,50 km/hr,No,146.62295,-37.62819,Non-Intersection,WELLINGTON,EASTERN REGION,2,1,0,0,1,1,1,1,0,0,0,0,1,1,0,0,0,0,0,0,0,1,0,0,1,0,RURAL_VICTORIA,RURAL_VICTORIA,WELLINGTON,"EASTERN REGION,EASTERN REGION",C,Arterial Other,Arterial Other,Country,2019,0,1
3474469,T20190000746,Finished,13/1/2019,No,Collision with vehicle,Sunday,HEAD ON (NOT OVERTAKING),No,Day,Yes,Not at intersection,Serious injury accident,100 km/hr,No,146.72442,-36.37528,Non-Intersection,INDIGO,NORTH EASTERN REGION,6,1,0,1,0,5,4,1,0,4,1,0,0,1,0,0,0,0,0,1,0,2,0,1,1,0,RURAL_VICTORIA,RURAL_VICTORIA,INDIGO,NORTH EASTERN REGION,C,Arterial Other,Arterial Other,Country,2019,0,1
3474470,T20190000748,Finished,13/1/2019,No,Collision with vehicle,Sunday,REAR END(VEHICLES IN SAME LANE),No,Day,No,T intersection,Serious injury accident,60 km/hr,No,145.10783,-38.03741,Intersection,KINGSTON,METROPOLITAN SOUTH EAST REGION,2,1,0,1,0,1,2,0,1,0,1,0,0,0,0,0,0,0,0,0,0,2,0,1,0,0,MELB_URBAN,MELB_URBAN,KINGSTON,METROPOLITAN SOUTH EAST REGION,,Arterial Highway,"Arterial Highway,Local Road",Metro,2019,0,1
3474471,T20190000749,Finished,13/1/2019,No,Collision with a fixed object,,RIGHT OFF CARRIAGEWAY INTO OBJECT/PARKED VEHICLE,No,Day,Yes,T intersection,Serious injury accident,50 km/hr,Yes,145.03812,-37.67319,Non-Intersection,WHITTLESEA,METROPOLITAN NORTH WEST REGION,1,1,0,1,0,0,1,0,0,0,0,0,0,1,0,0,0,0,0,0,0,1,0,0,1,0,MELB_URBAN,MELB_URBAN,WHITTLESEA,METROPOLITAN NORTH WEST REGION,,Local Road,Local Road,Metro,2019,0,1
3474472,T20190000751,Finished,7/1/2019,No,Collision with vehicle,Sunday,REAR END(VEHICLES IN SAME LANE),No,Day,No,Not at intersection,Other injury accident,50 km/hr,No,144.35154,-38.13334,Non-Intersection,GEELONG,SOUTH WESTERN REGION,2,1,0,0,1,1,2,0,0,0,1,0,0,1,0,0,0,0,0,0,0,2,0,1,1,0,LARGE_PROVINCIAL_CITIES,LARGE_PROVINCIAL_CITIES,GEELONG,SOUTH WESTERN REGION,A,Arterial Highway,Arterial Highway,Country,2019,0,1
3474473,T20190000752,Finished,13/1/2019,No,Collision with vehicle,,LANE CHANGE RIGHT (NOT OVERTAKING),No,Day,Yes,T intersection,Serious injury accident,80 km/hr,No,145.14337,-37.92456,Intersection,MONASH,METROPOLITAN SOUTH EAST REGION,2,1,0,1,0,1,2,0,0,0,1,0,0,1,0,0,0,0,0,0,0,2,0,1,1,0,MELB_URBAN,MELB_URBAN,MONASH,METROPOLITAN SOUTH EAST REGION,,Arterial Highway,"Arterial Highway,Arterial Other",Metro,2019,0,1
3474474,T20190000753,Finished,13/1/2019,Yes,Collision with vehicle,Sunday,HEAD ON (NOT OVERTAKING),No,Dusk/Dawn,Yes,Not at intersection,Other injury accident,60 km/hr,No,145.46619,-38.06195,Off Road,CARDINIA,METROPOLITAN SOUTH EAST REGION,6,4,0,0,4,2,2,0,0,4,2,0,0,0,0,0,0,0,0,0,0,2,0,2,0,0,SMALL_CITIES,SMALL_CITIES,CARDINIA,METROPOLITAN SOUTH EAST REGION,,,,Metro,2019,0,1
3474475,T20190000758,Finished,13/1/2019,No,Collision with a fixed object,,RIGHT OFF CARRIAGEWAY INTO OBJECT/PARKED VEHICLE,No,Day,Yes,Not at intersection,Other injury accident,60 km/hr,Yes,144.97218,-37.83561,Intersection,PORT PHILLIP,METROPOLITAN NORTH WEST REGION,1,1,0,0,1,0,0,1,0,0,1,0,0,0,0,0,0,0,0,0,0,1,0,1,0,0,MELB_URBAN,MELB_URBAN,PORT PHILLIP,METROPOLITAN NORTH WEST REGION,,Arterial Highway,"Arterial Highway,Local Road",Metro,2019,0,1
3474476,T20190000759,Finished,13/1/2019,Yes,Collision with vehicle,Sunday,RIGHT THROUGH,No,Day,Yes,T intersection,Other injury accident,80 km/hr,No,144.86149,-37.81335,Intersection,MARIBYRNONG,METROPOLITAN NORTH WEST REGION,2,1,0,0,1,1,0,2,0,0,2,0,0,0,0,0,0,0,0,1,1,2,0,2,0,0,MELB_URBAN,MELB_URBAN,MARIBYRNONG,METROPOLITAN NORTH WEST REGION,,Arterial Highway,"Arterial Highway,Local Road",Metro,2019,0,1
3474503,T20190000268,Finished,3/1/2019,Yes,Collision with vehicle,Thursday,REAR END(VEHICLES IN SAME LANE),No,Dark No street lights,Yes,Not at intersection,Other injury accident,100 km/hr,No,143.62097,-38.77885,Non-Intersection,COLAC OTWAY,SOUTH WESTERN REGION,4,2,0,0,2,2,2,2,0,2,2,0,0,0,0,0,0,0,0,0,0,2,0,2,0,0,RURAL_VICTORIA,RURAL_VICTORIA,COLAC OTWAY,SOUTH WESTERN REGION,B,Arterial Highway,Arterial Highway,Country,2019,0,1
3474504,T20190000270,Finished,5/1/2019,Yes,Vehicle overturned (no collision),Friday,OUT OF CONTROL ON CARRIAGEWAY (ON STRAIGHT),No,Day,Yes,Not at intersection,Serious injury accident,100 km/hr,No,143.32526,-37.19694,Non-Intersection,PYRENEES,WESTERN REGION,2,1,0,1,0,1,2,0,0,1,1,0,0,0,0,0,0,0,0,0,0,1,0,1,0,0,RURAL_VICTORIA,RURAL_VICTORIA,PYRENEES,WESTERN REGION,B,Arterial Highway,Arterial Highway,Country,2019,0,1
3474505,T20190000273,Finished,5/1/2019,Yes,Collision with vehicle,Friday,REAR END(VEHICLES IN SAME LANE),Yes,Day,Yes,T intersection,Other injury accident,80 km/hr,No,145.14129,-37.58812,Intersection,NILLUMBIK,METROPOLITAN NORTH WEST REGION,6,5,0,0,5,1,0,5,0,3,3,0,0,0,0,0,0,0,0,0,0,3,0,3,0,0,RURAL_VICTORIA,RURAL_VICTORIA,"WHITTLESEA,NILLUMBIK",METROPOLITAN NORTH WEST REGION,,Local Road,Local Road,Metro,2019,0,1
3474506,T20190000276,Finished,4/1/2019,No,Collision with vehicle,Friday,RIGHT THROUGH,No,Day,Yes,T intersection,Other injury accident,80 km/hr,No,145.14359,-37.9247,Intersection,MONASH,METROPOLITAN SOUTH EAST REGION,3,2,0,0,2,1,1,2,0,1,2,0,0,0,0,0,0,0,0,2,0,2,0,2,0,0,MELB_URBAN,MELB_URBAN,"MONASH,DANDENONG",METROPOLITAN SOUTH EAST REGION,,,,Metro,2019,0,1
3474507,T20190000280,Finished,5/1/2019,Yes,Collision with vehicle,Saturday,RIGHT THROUGH,No,Day,Yes,Cross intersection,Serious injury accident,80 km/hr,No,145.29472,-37.88874,Intersection,KNOX,METROPOLITAN SOUTH EAST REGION,6,1,0,1,0,5,2,4,0,4,2,0,0,0,0,0,0,0,1,0,0,2,0,2,0,0,MELB_URBAN,MELB_URBAN,KNOX,METROPOLITAN SOUTH EAST REGION,,Arterial Highway,"Arterial Highway,Arterial Other",Metro,2019,0,1
3474508,T20190000281,Finished,5/1/2019,Yes,Struck Pedestrian,Friday,PED NEAR SIDE. PED HIT BY VEHICLE FROM THE RIGHT.,No,Day,Yes,Cross intersection,Other injury accident,60 km/hr,No,144.96178,-37.80439,Intersection,MELBOURNE,METROPOLITAN NORTH WEST REGION,4,1,0,0,1,3,3,1,0,1,1,2,0,0,0,0,0,0,0,1,0,1,0,1,0,0,MELB_URBAN,MELB_URBAN,MELBOURNE,METROPOLITAN NORTH WEST REGION,,Local Road,Local Road,Metro,2019,0,1
3474509,T20190000282,Finished,5/1/2019,Yes,Collision with vehicle,Friday,REAR END(VEHICLES IN SAME LANE),No,Day,Yes,Not at intersection,Other injury accident,50 km/hr,No,144.99033,-37.73642,Non-Intersection,DAREBIN,METROPOLITAN NORTH WEST REGION,2,1,0,0,1,1,2,0,0,0,2,0,0,0,0,0,0,0,0,1,0,2,0,2,0,0,MELB_URBAN,MELB_URBAN,DAREBIN,METROPOLITAN NORTH WEST REGION,,Local Road,Local Road,Metro,2019,0,1
3474510,T20190000283,Finished,5/1/2019,Yes,Collision with a fixed object,Saturday,LEFT OFF CARRIAGEWAY INTO OBJECT/PARKED VEHICLE,No,Dusk/Dawn,Yes,Not at intersection,Serious injury accident,80 km/hr,Yes,145.36004,-37.96103,Non-Intersection,YARRA RANGES,METROPOLITAN SOUTH EAST REGION,1,1,0,1,0,0,1,0,0,0,1,0,0,0,0,0,0,0,0,1,0,1,0,1,0,0,RURAL_VICTORIA,RURAL_VICTORIA,YARRA RANGES,METROPOLITAN SOUTH EAST REGION,C,Arterial Other,Arterial Other,Metro,2019,0,1
3474511,T20190000286,Finished,6/1/2019,Yes,Other accident,Sunday,OTHER ACCIDENTS-OFF STRAIGHT NOT INCLUDED IN DCAs 170-175,Not known,Unk.,Yes,Cross intersection,Serious injury accident,60 km/hr,No,142.17208,-34.20186,Intersection,MILDURA,WESTERN REGION,2,1,0,1,0,1,1,0,0,0,0,0,0,0,2,0,0,0,0,0,0,1,0,0,0,0,SMALL_CITIES,SMALL_CITIES,MILDURA,WESTERN REGION,C,Arterial Other,"Arterial Other,Local Road",Country,2019,0,1
3474512,T20190000287,Finished,5/1/2019,Yes,Collision with a fixed object,Saturday,RIGHT OFF CARRIAGEWAY INTO OBJECT/PARKED VEHICLE,No,Dark No street lights,Yes,Not at intersection,Fatal accident,80 km/hr,Yes,145.31816,-37.843,Non-Intersection,YARRA RANGES,METROPOLITAN SOUTH EAST REGION,1,1,1,0,0,0,1,0,0,0,1,0,0,0,0,0,0,0,0,1,0,1,0,1,0,0,MELB_URBAN,MELB_URBAN,"YARRA RANGES,MAROONDAH",METROPOLITAN SOUTH EAST REGION,,Local Road,Local Road,Metro,2019,0,1
3474513,T20190000288,Finished,5/1/2019,Yes,Collision with a fixed object,Saturday,OFF END OF ROAD/T-INTERSECTION.,No,Dark No street lights,Yes,Not at intersection,Serious injury accident,80 km/hr,No,145.92277,-38.13111,Off Road,BAW BAW,EASTERN REGION,2,1,0,1,0,1,0,2,0,1,1,0,0,0,0,0,0,0,0,0,0,1,0,1,0,0,RURAL_VICTORIA,RURAL_VICTORIA,BAW BAW,"EASTERN REGION,EASTERN REGION",,,,Country,2019,0,1
3474514,T20190000302,Finished,6/1/2019,No,Collision with vehicle,,OTHER ADJACENT (INTERSECTIONS ONLY),No,Day,Yes,T intersection,Other injury accident,60 km/hr,No,144.91948,-37.63944,Intersection,HUME,METROPOLITAN NORTH WEST REGION,2,1,0,0,1,1,2,0,1,0,1,0,0,0,0,0,0,0,0,0,0,2,0,1,0,0,MELB_URBAN,MELB_URBAN,HUME,METROPOLITAN NORTH WEST REGION,,Arterial Other,"Arterial Other,Local Road",Metro,2019,0,1
3474515,T20190000303,Finished,6/1/2019,No,Collision with vehicle,Sunday,CROSS TRAFFIC(INTERSECTIONS ONLY),No,Day,Yes,Cross intersection,Other injury accident,40 km/hr,No,144.99902,-37.76935,Intersection,DAREBIN,METROPOLITAN NORTH WEST REGION,2,2,0,0,2,0,0,2,0,0,2,0,0,0,0,0,0,0,0,0,0,2,0,2,0,0,MELB_URBAN,MELB_URBAN,DAREBIN,METROPOLITAN NORTH WEST REGION,,Local Road,Local Road,Metro,2019,0,1
3474516,T20190000761,Finished,13/1/2019,Yes,Collision with vehicle,Sunday,HEAD ON (NOT OVERTAKING),No,Day,Yes,Not at intersection,Fatal accident,60 km/hr,No,145.05226,-37.75351,Intersection,BANYULE,METROPOLITAN NORTH WEST REGION,5,4,1,2,1,1,3,2,0,2,3,0,0,0,0,0,0,0,1,1,0,3,0,3,0,0,MELB_URBAN,MELB_URBAN,BANYULE,METROPOLITAN NORTH WEST REGION,,Arterial Highway,"Arterial Highway,Local Road",Metro,2019,0,1
3474517,T20190000764,Finished,13/1/2019,No,Collision with vehicle,,CROSS TRAFFIC(INTERSECTIONS ONLY),No,Dusk/Dawn,Yes,Cross intersection,Other injury accident,80 km/hr,No,145.26881,-38.02831,Intersection,CASEY,METROPOLITAN SOUTH EAST REGION,7,4,0,0,4,3,3,3,0,4,3,0,0,0,0,0,0,0,0,1,0,3,0,3,0,0,MELB_URBAN,MELB_URBAN,CASEY,METROPOLITAN SOUTH EAST REGION,,Arterial Other,Arterial Other,Metro,2019,0,1
3474518,T20190000766,Finished,13/1/2019,Yes,Collision with a fixed object,Sunday,LEFT OFF CARRIAGEWAY INTO OBJECT/PARKED VEHICLE,No,Dark No street lights,Yes,Not at intersection,Other injury accident,100 km/hr,Yes,144.66534,-37.76194,Non-Intersection,MELTON,METROPOLITAN NORTH WEST REGION,1,1,0,0,1,0,1,0,0,0,1,0,0,0,0,0,0,0,0,0,0,1,0,1,0,0,RURAL_VICTORIA,RURAL_VICTORIA,MELTON,METROPOLITAN NORTH WEST REGION,,Local Road,Local Road,Metro,2019,0,1
3474519,T20190000767,Finished,14/1/2019,Yes,Collision with vehicle,Sunday,OTHER ON PATH,No,Dark Street lights on,Yes,Not at intersection,Other injury accident,50 km/hr,No,145.27918,-38.01141,Non-Intersection,CASEY,METROPOLITAN SOUTH EAST REGION,3,3,0,0,3,0,0,3,0,2,1,0,0,0,0,0,0,0,0,1,0,2,0,2,0,0,MELB_URBAN,MELB_URBAN,CASEY,METROPOLITAN SOUTH EAST REGION,,Local Road,Local Road,Metro,2019,0,1
3474520,T20190000770,Finished,14/1/2019,Yes,collision with some other object,Sunday,OTHER ACCIDENTS-OFF STRAIGHT NOT INCLUDED IN DCAs 170-175,No,Dark Street lights on,Yes,T intersection,Other injury accident,60 km/hr,No,144.93112,-37.62972,Intersection,HUME,METROPOLITAN NORTH WEST REGION,1,1,0,0,1,0,1,0,0,0,1,0,0,0,0,0,0,0,0,1,0,1,0,1,0,0,MELB_URBAN,MELB_URBAN,HUME,METROPOLITAN NORTH WEST REGION,,Local Road,Local Road,Metro,2019,1,1
3474521,T20190000775,Finished,14/1/2019,No,Collision with vehicle,Monday,REAR END(VEHICLES IN SAME LANE),No,Day,Yes,Not at intersection,Other injury accident,100 km/hr,No,144.81902,-37.7072,Non-Intersection,BRIMBANK,METROPOLITAN NORTH WEST REGION,2,1,0,0,1,1,1,1,0,0,2,0,0,0,0,0,0,0,0,1,0,2,1,1,0,0,MELB_URBAN,MELB_URBAN,BRIMBANK,METROPOLITAN NORTH WEST REGION,M,Freeway,Freeway,Metro,2019,0,1
3474522,T20190000776,Finished,14/1/2019,No,Collision with vehicle,Monday,RIGHT THROUGH,No,Dusk/Dawn,Yes,T intersection,Serious injury accident,60 km/hr,No,145.09333,-37.86315,Intersection,BOROONDARA,METROPOLITAN SOUTH EAST REGION,2,1,0,1,0,1,2,0,1,0,1,0,0,0,0,0,0,0,0,0,0,2,1,0,0,0,MELB_URBAN,MELB_URBAN,"MONASH,BOROONDARA",METROPOLITAN SOUTH EAST REGION,,Arterial Highway,"Arterial Highway,Local Road",Metro,2019,0,1
3474523,T20190000778,Finished,11/1/2019,Yes,Struck Pedestrian,Friday,ANY MANOEUVRE INVOLVING PED NOT INCLUDED IN DCAs 100-108.,Yes,Day,Yes,Not at intersection,Other injury accident,30km/hr,No,145.294,-38.09953,Off Road,CASEY,METROPOLITAN SOUTH EAST REGION,4,1,0,0,1,3,2,2,0,1,1,2,0,0,0,0,0,0,0,1,0,1,0,1,0,0,MELB_URBAN,MELB_URBAN,CASEY,METROPOLITAN SOUTH EAST REGION,,,,Metro,2019,0,1
3474524,T20190000782,Finished,14/1/2019,No,Collision with vehicle,Sunday,RIGHT THROUGH,No,Day,Yes,T intersection,Serious injury accident,80 km/hr,No,145.4778,-38.07129,Intersection,CARDINIA,METROPOLITAN SOUTH EAST REGION,3,2,0,1,1,1,3,0,0,1,1,0,0,1,0,0,0,0,0,0,0,2,0,1,1,0,SMALL_CITIES,SMALL_CITIES,CARDINIA,METROPOLITAN SOUTH EAST REGION,C,Arterial Other,"Arterial Other,Local Road",Metro,2019,0,1
3474525,T20190000784,Finished,14/1/2019,No,Collision with a fixed object,Monday,RIGHT OFF CARRIAGEWAY INTO OBJECT/PARKED VEHICLE,No,Day,Yes,Not at intersection,Other injury accident,80 km/hr,Yes,144.97198,-37.69173,Non-Intersection,DAREBIN,METROPOLITAN NORTH WEST REGION,1,1,0,0,1,0,1,0,0,0,1,0,0,0,0,0,0,0,0,1,0,1,0,1,0,0,MELB_URBAN,MELB_URBAN,DAREBIN,METROPOLITAN NORTH WEST REGION,,Arterial Other,Arterial Other,Metro,2019,0,1
3474526,T20190000791,Finished,14/1/2019,No,Collision with a fixed object,Monday,LEFT OFF CARRIAGEWAY INTO OBJECT/PARKED VEHICLE,No,Day,Yes,Multiple intersection,Serious injury accident,110 km/hr,Yes,144.52147,-37.31684,Intersection,MACEDON RANGES,NORTHERN REGION,2,2,0,1,1,0,1,1,0,1,1,0,0,0,0,0,0,0,0,0,0,1,0,1,0,0,RURAL_VICTORIA,RURAL_VICTORIA,MACEDON RANGES,NORTHERN REGION,M,Freeway,Freeway,Country,2019,0,1
3474527,T20190000793,Finished,14/1/2019,No,Collision with a fixed object,Monday,OFF LEFT BEND INTO OBJECT/PARKED VEHICLE,No,Day,Yes,Not at intersection,Other injury accident,50 km/hr,Yes,145.24329,-37.77389,Non-Intersection,MAROONDAH,METROPOLITAN SOUTH EAST REGION,1,1,0,0,1,0,0,1,0,0,1,0,0,0,0,0,0,0,0,1,0,1,0,1,0,0,MELB_URBAN,MELB_URBAN,MAROONDAH,METROPOLITAN SOUTH EAST REGION,,Local Road,Local Road,Metro,2019,0,1
3474528,T20190000798,Finished,12/1/2019,Yes,Collision with vehicle,Saturday,LANE SIDE SWIPE (VEHICLES IN PARALLEL LANES),Yes,Dusk/Dawn,No,Not at intersection,Other injury accident,60 km/hr,No,145.27153,-38.01506,Non-Intersection,CASEY,METROPOLITAN SOUTH EAST REGION,2,1,0,0,1,1,1,0,1,0,0,0,0,0,1,0,0,0,0,0,0,2,0,0,0,0,MELB_URBAN,MELB_URBAN,CASEY,METROPOLITAN SOUTH EAST REGION,,Arterial Other,Arterial Other,Metro,2019,0,1
3474555,T20190000304,Finished,6/1/2019,No,Collision with a fixed object,,OFF RIGHT BEND INTO OBJECT/PARKED VEHICLE,No,Day,Yes,Not at intersection,Serious injury accident,80 km/hr,Yes,145.5089,-37.5701,Non-Intersection,YARRA RANGES,METROPOLITAN SOUTH EAST REGION,1,1,0,1,0,0,1,0,0,0,0,0,0,1,0,0,0,0,0,0,0,1,0,0,1,0,RURAL_VICTORIA,RURAL_VICTORIA,YARRA RANGES,METROPOLITAN SOUTH EAST REGION,,Local Road,Local Road,Metro,2019,0,1
3474556,T20190000305,Finished,6/1/2019,No,Collision with vehicle,,CROSS TRAFFIC(INTERSECTIONS ONLY),No,Day,Yes,Cross intersection,Other injury accident,60 km/hr,No,145.12988,-37.75919,Intersection,MANNINGHAM,METROPOLITAN SOUTH EAST REGION,3,1,0,0,1,2,1,1,0,1,2,0,0,0,0,0,0,0,0,1,0,2,0,2,0,0,MELB_URBAN,MELB_URBAN,MANNINGHAM,METROPOLITAN SOUTH EAST REGION,,Arterial Other,"Arterial Other,Local Road",Metro,2019,0,1
3474557,T20190000307,Finished,6/1/2019,No,Collision with vehicle,Sunday,LANE CHANGE RIGHT (NOT OVERTAKING),No,Day,Yes,Not at intersection,Serious injury accident,80 km/hr,No,145.22216,-37.89928,Non-Intersection,KNOX,METROPOLITAN SOUTH EAST REGION,5,2,0,1,1,3,3,2,0,0,2,0,0,0,3,0,0,0,0,0,0,2,0,2,0,0,MELB_URBAN,MELB_URBAN,KNOX,METROPOLITAN SOUTH EAST REGION,,Arterial Other,Arterial Other,Metro,2019,0,1
3474558,T20190000308,Finished,6/1/2019,No,Collision with vehicle,,RIGHT NEAR (INTERSECTIONS ONLY),No,Day,Yes,T intersection,Other injury accident,100 km/hr,No,144.43636,-37.77675,Intersection,MOORABOOL,WESTERN REGION,3,1,0,0,1,2,1,2,0,1,2,0,0,0,0,0,0,0,0,0,1,2,0,2,0,0,RURAL_VICTORIA,RURAL_VICTORIA,MOORABOOL,WESTERN REGION,C,Arterial Other,Arterial Other,Country,2019,0,1
3474559,T20190000315,Finished,4/1/2019,Yes,No collision and no object struck,Friday,OFF CARRIAGEWAY TO RIGHT,No,Dusk/Dawn,Yes,Cross intersection,Other injury accident,80 km/hr,Yes,145.15592,-37.93246,Intersection,DANDENONG,METROPOLITAN SOUTH EAST REGION,2,1,0,0,1,1,2,0,0,0,1,0,0,1,0,0,0,0,0,0,0,2,0,1,1,0,MELB_URBAN,MELB_URBAN,"MONASH,DANDENONG",METROPOLITAN SOUTH EAST REGION,,Arterial Highway,Arterial Highway,Metro,2019,0,1
3474560,T20190000316,Finished,4/1/2019,No,Vehicle overturned (no collision),Thursday,OFF CARRIAGEWAY TO RIGHT,No,Day,Yes,T intersection,Other injury accident,100 km/hr,Yes,143.94951,-36.17805,Intersection,LODDON,NORTHERN REGION,2,2,0,0,2,0,1,1,0,1,1,0,0,0,0,0,0,0,0,1,0,1,0,1,0,0,RURAL_VICTORIA,RURAL_VICTORIA,LODDON,NORTHERN REGION,B,Arterial Highway,"Arterial Highway,Local Road",Country,2019,0,1
3474561,T20190000318,Finished,6/1/2019,Yes,Collision with vehicle,Sunday,REAR END(VEHICLES IN SAME LANE),No,Day,Yes,Not at intersection,Other injury accident,60 km/hr,No,144.91473,-37.57259,Non-Intersection,HUME,METROPOLITAN NORTH WEST REGION,2,1,0,0,1,1,1,1,0,0,2,0,0,0,0,0,0,0,0,0,0,2,0,2,0,0,MELB_URBAN,MELB_URBAN,HUME,METROPOLITAN NORTH WEST REGION,,Local Road,Local Road,Metro,2019,0,1
3474562,T20190000319,Finished,6/1/2019,Yes,Collision with vehicle,Sunday,RIGHT THROUGH,No,Day,Yes,T intersection,Other injury accident,60 km/hr,No,145.37776,-37.88664,Intersection,YARRA RANGES,METROPOLITAN SOUTH EAST REGION,2,1,0,0,1,1,1,1,0,0,1,0,0,1,0,0,0,0,0,0,0,2,0,1,1,0,MELB_URBAN,MELB_URBAN,YARRA RANGES,METROPOLITAN SOUTH EAST REGION,,Local Road,Local Road,Metro,2019,0,1
3474563,T20190000322,Finished,6/1/2019,Yes,Vehicle overturned (no collision),Sunday,OFF CARRIAGEWAY TO LEFT,No,Dusk/Dawn,Yes,Not at intersection,Other injury accident,100 km/hr,Yes,144.15482,-35.72439,Non-Intersection,GANNAWARRA,NORTHERN REGION,1,1,0,0,1,0,1,0,0,0,1,0,0,0,0,0,0,0,0,0,0,1,0,1,0,0,RURAL_VICTORIA,RURAL_VICTORIA,GANNAWARRA,NORTHERN REGION,C,Arterial Other,Arterial Other,Country,2019,0,1
3474564,T20190000323,Finished,6/1/2019,Yes,Collision with a fixed object,Sunday,LEFT OFF CARRIAGEWAY INTO OBJECT/PARKED VEHICLE,No,Day,Yes,Not at intersection,Serious injury accident,60 km/hr,Yes,145.01226,-37.96718,Non-Intersection,BAYSIDE,METROPOLITAN SOUTH EAST REGION,1,1,0,1,0,0,1,0,0,0,0,0,0,1,0,0,0,0,0,0,0,1,0,0,1,0,MELB_URBAN,MELB_URBAN,BAYSIDE,METROPOLITAN SOUTH EAST REGION,,Arterial Other,Arterial Other,Metro,2019,0,1
3474565,T20190000324,Finished,6/1/2019,Yes,Collision with vehicle,Sunday,LEAVING PARKING,No,Day,Yes,Not at intersection,Other injury accident,60 km/hr,No,144.98146,-37.86585,Non-Intersection,PORT PHILLIP,METROPOLITAN NORTH WEST REGION,3,1,0,0,1,2,1,2,0,1,2,0,0,0,0,0,0,0,0,1,0,2,0,2,0,0,MELB_URBAN,MELB_URBAN,PORT PHILLIP,METROPOLITAN NORTH WEST REGION,,Arterial Other,Arterial Other,Metro,2019,0,1
3474566,T20190000325,Finished,3/1/2019,Yes,Collision with a fixed object,Thursday,OFF RIGHT BEND INTO OBJECT/PARKED VEHICLE,No,Dark No street lights,No,Not at intersection,Other injury accident,100 km/hr,Yes,141.99785,-35.21764,Non-Intersection,MILDURA,WESTERN REGION,2,1,0,0,1,1,1,1,0,1,1,0,0,0,0,0,0,0,1,0,0,1,0,1,0,0,RURAL_VICTORIA,RURAL_VICTORIA,MILDURA,WESTERN REGION,,Local Road,Local Road,Country,2019,0,1
3474567,T20190000328,Finished,6/1/2019,No,Collision with vehicle,Sunday,VEHICLE COLLIDES WITH VEHICLE PARKED ON LEFT OF ROAD,No,Day,Yes,Not at intersection,Other injury accident,40 km/hr,No,144.84318,-37.83172,Non-Intersection,HOBSONS BAY,METROPOLITAN NORTH WEST REGION,1,1,0,0,1,0,1,0,0,0,1,0,0,0,0,0,0,0,0,1,0,2,0,2,0,0,MELB_URBAN,MELB_URBAN,HOBSONS BAY,METROPOLITAN NORTH WEST REGION,,Local Road,Local Road,Metro,2019,0,1