OBJECTID,ACCIDENT_NO,ACCIDENT_STATUS,ACCIDENT_DATE,ALCOHOLTIME,ACCIDENT_TYPE,DAY_OF_WEEK,DCA_CODE,HIT_RUN_FLAG,LIGHT_CONDITION,POLICE_ATTEND,ROAD_GEOMETRY,SEVERITY,SPEED_ZONE,RUN_OFFROAD,LONGITUDE,LATITUDE,NODE_TYPE,LGA_NAME,REGION_NAME,TOTAL_PERSONS,INJ_OR_FATAL,FATALITY,SERIOUSINJURY,OTHERINJURY,NONINJURED,MALES,FEMALES,BICYCLIST,PASSENGER,DRIVER,PEDESTRIAN,PILLION,MOTORIST,UNKNOWN,PED_CYCLIST_5_12,PED_CYCLIST_13_18,OLD_PEDESTRIAN,OLD_DRIVER,YOUNG_DRIVER,UNLICENCSED,NO_OF_VEHICLES,HEAVYVEHICLE,PASSENGERVEHICLE,MOTORCYCLE,PUBLICVEHICLE,DEG_URBAN_NAME,DEG_URBAN_ALL,LGA_NAME_ALL,REGION_NAME_ALL,SRNS_ALL,RMA,RMA_ALL,STAT_DIV_NAME,Year,ALCOHOL_RELATED,Month
3475610,T20190003510,Finished,23/2/2019,Yes,Collision with vehicle,Saturday,LEFT OFF CARRIAGEWAY INTO OBJECT/PARKED VEHICLE,No,Dark Street lights on,Yes,Not at intersection,Fatal accident,50 km/hr,Yes,144.9825,-37.71093,Non-Intersection,DAREBIN,METROPOLITAN NORTH WEST REGION,2,2,1,0,1,0,2,0,0,1,1,0,0,0,0,0,0,0,0,0,0,3,1,1,0,0,MELB_URBAN,MELB_URBAN,DAREBIN,METROPOLITAN NORTH WEST REGION,,Local Road,Local Road,Metro,2019,0,2
3475611,T20190003511,Finished,21/2/2019,No,Collision with vehicle,Wednesday,REAR END(VEHICLES IN SAME LANE),No,Day,No,Not at intersection,Other injury accident,60 km/hr,No,145.13807,-38.1647,Non-Intersection,FRANKSTON,METROPOLITAN SOUTH EAST REGION,3,1,0,0,1,2,1,2,0,1,2,0,0,0,0,0,0,0,0,1,0,2,0,2,0,0,MELB_URBAN,MELB_URBAN,FRANKSTON,METROPOLITAN SOUTH EAST REGION,,Local Road,Local Road,Metro,2019,0,2
3475612,T20190003513,Finished,22/2/2019,No,Collision with vehicle,Thursday,REAR END(VEHICLES IN SAME LANE),No,Unk.,No,Multiple intersection,Other injury accident,50 km/hr,No,144.99312,-37.91948,Intersection,BAYSIDE,METROPOLITAN SOUTH EAST REGION,2,1,0,0,1,1,1,1,1,0,1,0,0,0,0,0,0,0,0,0,0,2,0,1,0,0,MELB_URBAN,MELB_URBAN,BAYSIDE,METROPOLITAN SOUTH EAST REGION,,Local Road,Local Road,Metro,2019,0,2
3475613,T20190003521,Finished,21/2/2019,No,Collision with vehicle,Wednesday,REAR END(VEHICLES IN SAME LANE),No,Day,No,Multiple intersection,Other injury accident,60 km/hr,No,143.82225,-37.5391,Intersection,BALLARAT,WESTERN REGION,2,1,0,0,1,1,1,1,0,0,2,0,0,0,0,0,0,0,0,0,0,2,0,2,0,0,LARGE_PROVINCIAL_CITIES,LARGE_PROVINCIAL_CITIES,BALLARAT,WESTERN REGION,C,Arterial Other,Arterial Other,Country,2019,0,2
3475614,T20190003522,Finished,23/2/2019,No,Struck Pedestrian,Saturday,PED NEAR SIDE. PED HIT BY VEHICLE FROM THE RIGHT.,No,Day,Yes,Not at intersection,Serious injury accident,60 km/hr,No,145.14087,-37.80738,Non-Intersection,WHITEHORSE,METROPOLITAN SOUTH EAST REGION,2,1,0,1,0,1,1,1,0,0,1,1,0,0,0,0,0,1,0,0,0,1,0,1,0,0,MELB_URBAN,MELB_URBAN,WHITEHORSE,METROPOLITAN SOUTH EAST REGION,,Arterial Other,Arterial Other,Metro,2019,0,2
3475615,T20190003523,Finished,23/2/2019,No,Collision with vehicle,Friday,CROSS TRAFFIC(INTERSECTIONS ONLY),No,Day,Yes,Cross intersection,Other injury accident,60 km/hr,No,144.966,-37.75568,Intersection,MORELAND,METROPOLITAN NORTH WEST REGION,6,1,0,0,1,5,0,1,0,4,2,0,0,0,0,0,0,0,0,0,0,2,0,2,0,0,MELB_URBAN,MELB_URBAN,MORELAND,METROPOLITAN NORTH WEST REGION,,Arterial Other,"Arterial Other,Local Road",Metro,2019,0,2
3475616,T20190003531,Finished,23/2/2019,Yes,Vehicle overturned (no collision),Saturday,OFF CARRIAGEWAY TO LEFT,No,Day,No,Not at intersection,Serious injury accident,50 km/hr,Yes,144.82574,-37.85366,Non-Intersection,HOBSONS BAY,METROPOLITAN NORTH WEST REGION,1,1,0,1,0,0,0,1,0,0,0,0,0,1,0,0,0,0,0,0,0,1,0,0,1,0,MELB_URBAN,MELB_URBAN,HOBSONS BAY,METROPOLITAN NORTH WEST REGION,,Local Road,Local Road,Metro,2019,0,2
3475617,T20190003533,Finished,23/2/2019,No,Collision with vehicle,Saturday,HEAD ON (NOT OVERTAKING),No,Day,No,Not at intersection,Other injury accident,Not known,No,145.85939,-37.555,Non-Intersection,YARRA RANGES,METROPOLITAN SOUTH EAST REGION,2,2,0,0,2,0,2,0,1,0,0,0,0,1,0,0,0,0,0,0,0,2,0,0,1,0,RURAL_VICTORIA,RURAL_VICTORIA,YARRA RANGES,METROPOLITAN SOUTH EAST REGION,C,Arterial Other,Arterial Other,Metro,2019,0,2
3475618,T20190003537,Finished,18/2/2019,Yes,Struck Pedestrian,Sunday,PED EMERGES FROM IN FRONT OF PARKED OR STATIONARY VEHICLE,No,Unk.,Yes,Not at intersection,Other injury accident,Not known,No,145.00742,-37.74403,Non-Intersection,DAREBIN,METROPOLITAN NORTH WEST REGION,2,1,0,0,1,1,0,2,0,0,1,1,0,0,0,0,0,0,0,0,0,1,0,1,0,0,MELB_URBAN,MELB_URBAN,DAREBIN,METROPOLITAN NORTH WEST REGION,,Arterial Other,Arterial Other,Metro,2019,0,2
3475619,T20190003541,Reopened,23/2/2019,Yes,Collision with vehicle,Friday,RIGHT OFF CARRIAGEWAY INTO OBJECT/PARKED VEHICLE,No,Day,Yes,T intersection,Fatal accident,60 km/hr,Yes,145.13345,-37.96012,Intersection,DANDENONG,METROPOLITAN SOUTH EAST REGION,2,2,1,0,1,0,2,0,0,0,1,0,0,1,0,0,0,0,0,0,1,2,0,1,1,0,MELB_URBAN,MELB_URBAN,"KINGSTON,DANDENONG",METROPOLITAN SOUTH EAST REGION,,Arterial Other,"Arterial Other,Local Road",Metro,2019,0,2
3475620,T20190003544,Finished,23/2/2019,Yes,Collision with vehicle,Friday,REAR END(VEHICLES IN SAME LANE),No,Day,Yes,Not at intersection,Other injury accident,50 km/hr,No,144.91567,-37.70422,Non-Intersection,MORELAND,METROPOLITAN NORTH WEST REGION,3,1,0,0,1,2,0,1,0,1,2,0,0,0,0,0,0,0,0,0,0,2,0,2,0,0,MELB_URBAN,MELB_URBAN,MORELAND,METROPOLITAN NORTH WEST REGION,,Arterial Other,Arterial Other,Metro,2019,0,2
3475621,T20190003548,Finished,23/2/2019,Yes,Collision with vehicle,Saturday,LANE CHANGE RIGHT (NOT OVERTAKING),No,Day,Yes,Not at intersection,Other injury accident,100 km/hr,No,145.41473,-38.21406,Non-Intersection,CASEY,METROPOLITAN SOUTH EAST REGION,6,1,0,0,1,5,5,1,0,4,2,0,0,0,0,0,0,0,0,2,0,2,0,1,0,0,RURAL_VICTORIA,RURAL_VICTORIA,CASEY,METROPOLITAN SOUTH EAST REGION,M,Arterial Highway,Arterial Highway,Metro,2019,0,2
3475622,T20190003552,Finished,23/2/2019,Yes,Collision with vehicle,Saturday,RIGHT THROUGH,No,Dusk/Dawn,Yes,T intersection,Other injury accident,50 km/hr,No,145.01486,-37.63573,Intersection,WHITTLESEA,METROPOLITAN NORTH WEST REGION,2,1,0,0,1,1,2,0,0,0,2,0,0,0,0,0,0,0,0,2,0,2,0,2,0,0,MELB_URBAN,MELB_URBAN,WHITTLESEA,METROPOLITAN NORTH WEST REGION,,Local Road,Local Road,Metro,2019,0,2
3475623,T20190004180,Finished,2/3/2019,Yes,collision with some other object,Friday,OFF LEFT BEND INTO OBJECT/PARKED VEHICLE,No,Unk.,No,T intersection,Other injury accident,Not known,Yes,145.10764,-37.69969,Intersection,BANYULE,METROPOLITAN NORTH WEST REGION,1,1,0,0,1,0,1,0,0,0,0,0,0,1,0,0,0,0,0,0,0,1,0,0,1,0,MELB_URBAN,MELB_URBAN,BANYULE,METROPOLITAN NORTH WEST REGION,,Arterial Other,Arterial Other,Metro,2019,0,3
3475624,T20190004183,Finished,4/3/2019,Yes,Collision with vehicle,Sunday,REAR END(VEHICLES IN SAME LANE),No,Day,Yes,Not at intersection,Serious injury accident,70 km/hr,No,144.82598,-37.77666,Non-Intersection,BRIMBANK,METROPOLITAN NORTH WEST REGION,2,2,0,1,1,0,1,1,0,0,2,0,0,0,0,0,0,0,0,0,0,2,0,2,0,0,MELB_URBAN,MELB_URBAN,BRIMBANK,METROPOLITAN NORTH WEST REGION,,Arterial Other,Arterial Other,Metro,2019,0,3
3475625,T20190004187,Finished,4/3/2019,No,Collision with a fixed object,Monday,LEFT OFF CARRIAGEWAY INTO OBJECT/PARKED VEHICLE,No,Day,Yes,T intersection,Other injury accident,100 km/hr,Yes,145.19189,-37.99767,Intersection,DANDENONG,METROPOLITAN SOUTH EAST REGION,1,1,0,0,1,0,1,0,0,0,1,0,0,0,0,0,0,0,0,1,0,1,0,1,0,0,MELB_URBAN,MELB_URBAN,DANDENONG,METROPOLITAN SOUTH EAST REGION,M,Freeway,Freeway,Metro,2019,0,3
3475626,T20190004189,Finished,4/3/2019,No,Collision with vehicle,Monday,REAR END(VEHICLES IN SAME LANE),No,Day,Yes,Not at intersection,Other injury accident,60 km/hr,No,145.49305,-38.07918,Non-Intersection,CARDINIA,METROPOLITAN SOUTH EAST REGION,3,2,0,0,2,1,1,2,0,1,2,0,0,0,0,0,0,0,0,0,0,2,0,2,0,0,SMALL_CITIES,SMALL_CITIES,CARDINIA,METROPOLITAN SOUTH EAST REGION,C,Arterial Other,Arterial Other,Metro,2019,0,3
3475627,T20190004193,Finished,4/3/2019,No,Struck Pedestrian,Sunday,PED STRUCK WALKING TO/FROM OR BOARDING/ALIGHTING VEHICLE.,Yes,Day,No,Not at intersection,Other injury accident,40 km/hr,No,145.14912,-37.84767,Non-Intersection,WHITEHORSE,METROPOLITAN SOUTH EAST REGION,2,1,0,0,1,1,0,1,0,0,1,1,0,0,0,0,0,0,0,0,0,1,0,1,0,0,MELB_URBAN,MELB_URBAN,WHITEHORSE,METROPOLITAN SOUTH EAST REGION,,Local Road,Local Road,Metro,2019,0,3
3475628,T20190004194,Finished,4/3/2019,Yes,Collision with vehicle,Sunday,LEFT REAR,No,Day,Yes,Not at intersection,Other injury accident,70 km/hr,No,144.8456,-37.85024,Non-Intersection,HOBSONS BAY,METROPOLITAN NORTH WEST REGION,2,1,0,0,1,1,1,1,0,0,2,0,0,0,0,0,0,0,1,0,0,3,0,3,0,0,MELB_URBAN,MELB_URBAN,HOBSONS BAY,METROPOLITAN NORTH WEST REGION,,Arterial Other,Arterial Other,Metro,2019,0,3
3475629,T20190004198,Finished,21/2/2019,Yes,Collision with vehicle,Thursday,RIGHT THROUGH,Yes,Dark Street lights on,Yes,Cross intersection,Serious injury accident,60 km/hr,No,145.28279,-38.11303,Intersection,CASEY,METROPOLITAN SOUTH EAST REGION,2,2,0,1,1,0,1,1,0,0,2,0,0,0,0,0,0,0,0,2,0,2,0,2,0,0,MELB_URBAN,MELB_URBAN,CASEY,METROPOLITAN SOUTH EAST REGION,"M,C",Arterial Highway,"Arterial Highway,Arterial Other",Metro,2019,0,2
3475630,T20190004200,Finished,4/3/2019,Yes,Collision with vehicle,Sunday,CROSS TRAFFIC(INTERSECTIONS ONLY),No,Day,Yes,Cross intersection,Other injury accident,80 km/hr,No,144.3518,-38.17653,Intersection,GEELONG,SOUTH WESTERN REGION,2,1,0,0,1,1,2,0,1,0,1,0,0,0,0,0,0,0,1,0,0,2,0,1,0,0,LARGE_PROVINCIAL_CITIES,LARGE_PROVINCIAL_CITIES,GEELONG,SOUTH WESTERN REGION,A,Arterial Highway,"Arterial Highway,Local Road",Country,2019,0,3
3475631,T20190004201,Finished,4/3/2019,Yes,Collision with a fixed object,Sunday,OUT OF CONTROL (OVERTAKING),No,Day,Yes,Not at intersection,Serious injury accident,60 km/hr,Yes,145.05825,-37.69962,Non-Intersection,WHITTLESEA,METROPOLITAN NORTH WEST REGION,3,2,0,1,1,1,2,1,0,2,1,0,0,0,0,0,0,0,0,0,0,1,0,1,0,0,MELB_URBAN,MELB_URBAN,WHITTLESEA,METROPOLITAN NORTH WEST REGION,,Arterial Highway,Arterial Highway,Metro,2019,0,3
3475632,T20190004216,Finished,5/3/2019,No,Struck Pedestrian,Monday,FAR SIDE. PED HIT BY VEHICLE FROM THE LEFT,No,Dark Street lights on,Yes,T intersection,Other injury accident,50 km/hr,No,143.85769,-37.56961,Intersection,BALLARAT,WESTERN REGION,2,1,0,0,1,1,2,0,0,0,1,1,0,0,0,0,0,1,0,0,0,1,0,1,0,0,LARGE_PROVINCIAL_CITIES,LARGE_PROVINCIAL_CITIES,BALLARAT,WESTERN REGION,,Local Road,Local Road,Country,2019,0,3
3475633,T20190004218,Finished,3/3/2019,No,Collision with vehicle,,RIGHT REAR.,No,Dusk/Dawn,No,Not at intersection,Other injury accident,Not known,No,144.80796,-37.74228,Non-Intersection,BRIMBANK,METROPOLITAN NORTH WEST REGION,2,1,0,0,1,1,1,1,0,0,2,0,0,0,0,0,0,0,0,0,0,2,0,2,0,0,MELB_URBAN,MELB_URBAN,BRIMBANK,METROPOLITAN NORTH WEST REGION,,Local Road,Local Road,Metro,2019,0,3
3475635,T20190004224,Finished,5/3/2019,No,Collision with a fixed object,Monday,OFF RIGHT BEND INTO OBJECT/PARKED VEHICLE,No,Day,Yes,Not at intersection,Other injury accident,80 km/hr,Yes,144.86054,-37.72601,Non-Intersection,BRIMBANK,METROPOLITAN NORTH WEST REGION,1,1,0,0,1,0,1,0,0,0,1,0,0,0,0,0,0,0,1,0,0,1,0,1,0,0,MELB_URBAN,MELB_URBAN,BRIMBANK,METROPOLITAN NORTH WEST REGION,M,Freeway,Freeway,Metro,2019,0,3
3475636,T20190003554,Finished,23/2/2019,Yes,collision with some other object,Saturday,STRUCK OBJECT ON CARRIAGEWAY,No,Dark No street lights,Yes,Not at intersection,Other injury accident,80 km/hr,No,145.16151,-38.01297,Non-Intersection,DANDENONG,METROPOLITAN SOUTH EAST REGION,1,1,0,0,1,0,1,0,0,0,0,0,0,1,0,0,0,0,0,0,0,1,0,0,1,0,MELB_URBAN,MELB_URBAN,DANDENONG,METROPOLITAN SOUTH EAST REGION,,Arterial Other,Arterial Other,Metro,2019,0,2
3475637,T20190003558,Finished,23/2/2019,Yes,Collision with a fixed object,Saturday,OFF RIGHT BEND INTO OBJECT/PARKED VEHICLE,No,Day,Yes,Not at intersection,Serious injury accident,100 km/hr,Yes,147.29154,-36.91541,Non-Intersection,ALPINE,NORTH EASTERN REGION,1,1,0,1,0,0,1,0,0,0,0,0,0,1,0,0,0,0,0,0,0,1,0,0,1,0,RURAL_VICTORIA,RURAL_VICTORIA,ALPINE,NORTH EASTERN REGION,,Local Road,Local Road,Country,2019,0,2
3475638,T20190003567,Finished,23/2/2019,Yes,Fall from or in moving vehicle,Saturday,FELL IN/FROM VEHICLE,No,Dark No street lights,Yes,Not at intersection,Other injury accident,Camping grounds or off road,No,147.58438,-37.7034,Non-Intersection,EAST GIPPSLAND,EASTERN REGION,3,1,0,0,1,2,2,1,0,1,1,1,0,0,0,0,1,0,0,1,0,1,0,1,0,0,RURAL_VICTORIA,RURAL_VICTORIA,EAST GIPPSLAND,"EASTERN REGION,EASTERN REGION",,Local Road,Local Road,Country,2019,0,2
3475639,T20190003568,Finished,24/2/2019,No,Collision with a fixed object,,LEFT OFF CARRIAGEWAY INTO OBJECT/PARKED VEHICLE,Yes,Dark Street lights on,Yes,T intersection,Other injury accident,60 km/hr,Yes,145.06768,-38.23511,Intersection,MORNINGTON,METROPOLITAN SOUTH EAST REGION,1,1,0,0,1,0,0,1,0,0,1,0,0,0,0,0,0,0,0,1,0,1,0,1,0,0,MELB_URBAN,MELB_URBAN,MORNINGTON PENINSULA,METROPOLITAN SOUTH EAST REGION,,Local Road,Local Road,Metro,2019,0,2
3475640,T20190003569,Finished,23/2/2019,Yes,Collision with vehicle,Saturday,CROSS TRAFFIC(INTERSECTIONS ONLY),No,Dark Street lights on,Yes,Cross intersection,Serious injury accident,60 km/hr,No,145.28707,-37.83757,Intersection,KNOX,METROPOLITAN SOUTH EAST REGION,3,1,0,1,0,2,2,1,0,1,2,0,0,0,0,0,0,0,0,1,0,2,0,2,0,0,MELB_URBAN,MELB_URBAN,KNOX,METROPOLITAN SOUTH EAST REGION,,Arterial Other,Arterial Other,Metro,2019,0,2
3475641,T20190003570,Finished,24/2/2019,No,Collision with vehicle,,RIGHT THROUGH,No,Dusk/Dawn,No,T intersection,Other injury accident,60 km/hr,No,144.85845,-37.8323,Intersection,HOBSONS BAY,METROPOLITAN NORTH WEST REGION,2,1,0,0,1,1,2,0,1,0,1,0,0,0,0,0,0,0,0,0,0,2,0,1,0,0,MELB_URBAN,MELB_URBAN,HOBSONS BAY,METROPOLITAN NORTH WEST REGION,,Arterial Other,"Arterial Other,Local Road",Metro,2019,0,2
3475642,T20190003574,Finished,24/2/2019,No,Vehicle overturned (no collision),,OTHER ACCIDENTS-OFF STRAIGHT NOT INCLUDED IN DCAs 170-175,No,Day,Yes,T intersection,Other injury accident,100 km/hr,No,142.33371,-37.62952,Intersection,SOUTHERN GRAMPIANS,SOUTH WESTERN REGION,2,1,0,0,1,1,1,1,0,0,0,0,1,1,0,0,0,0,0,0,0,1,0,0,1,0,RURAL_VICTORIA,RURAL_VICTORIA,SOUTHERN GRAMPIANS,SOUTH WESTERN REGION,C,Arterial Other,Arterial Other,Country,2019,0,2
3475643,T20190003577,Finished,24/2/2019,No,Collision with vehicle,,RIGHT THROUGH,No,Day,Yes,T intersection,Serious injury accident,60 km/hr,No,144.35327,-38.16369,Intersection,GEELONG,SOUTH WESTERN REGION,2,1,0,1,0,1,1,1,1,0,1,0,0,0,0,0,0,0,0,0,0,2,0,1,0,0,LARGE_PROVINCIAL_CITIES,LARGE_PROVINCIAL_CITIES,GEELONG,SOUTH WESTERN REGION,,Arterial Other,"Arterial Other,Local Road",Country,2019,0,2
3475644,T20190003578,Finished,24/2/2019,No,Collision with vehicle,,CROSS TRAFFIC(INTERSECTIONS ONLY),No,Day,Yes,Cross intersection,Other injury accident,60 km/hr,No,145.10459,-37.7674,Intersection,MANNINGHAM,METROPOLITAN SOUTH EAST REGION,5,1,0,0,1,4,3,2,1,3,1,0,0,0,0,0,0,0,0,0,0,2,0,1,0,0,MELB_URBAN,MELB_URBAN,MANNINGHAM,METROPOLITAN SOUTH EAST REGION,,Arterial Other,"Arterial Other,Local Road",Metro,2019,0,2
3475646,T20190003580,Finished,24/2/2019,No,Collision with vehicle,,RIGHT NEAR (INTERSECTIONS ONLY),No,Day,Yes,Cross intersection,Other injury accident,60 km/hr,No,145.09831,-37.82046,Intersection,BOROONDARA,METROPOLITAN SOUTH EAST REGION,3,1,0,0,1,2,1,2,0,1,2,0,0,0,0,0,0,0,0,0,0,2,0,2,0,0,MELB_URBAN,MELB_URBAN,BOROONDARA,METROPOLITAN SOUTH EAST REGION,,Local Road,Local Road,Metro,2019,0,2
3475647,T20190003581,Finished,23/2/2019,No,Collision with a fixed object,Friday,OFF LEFT BEND INTO OBJECT/PARKED VEHICLE,No,Day,No,Not at intersection,Other injury accident,100 km/hr,Yes,146.7034,-36.40386,Off Road,INDIGO,NORTH EASTERN REGION,1,1,0,0,1,0,0,1,0,0,0,0,0,1,0,0,0,0,0,0,0,1,0,0,1,0,RURAL_VICTORIA,RURAL_VICTORIA,INDIGO,NORTH EASTERN REGION,,,,Country,2019,0,2
3475648,T20190003585,Finished,24/2/2019,No,Struck Pedestrian,,PED NEAR SIDE. PED HIT BY VEHICLE FROM THE RIGHT.,No,Day,Yes,Cross intersection,Other injury accident,40 km/hr,No,145.05279,-37.83092,Intersection,BOROONDARA,METROPOLITAN SOUTH EAST REGION,2,1,0,0,1,1,1,1,0,0,1,1,0,0,0,0,0,0,1,0,0,1,0,1,0,0,MELB_URBAN,MELB_URBAN,BOROONDARA,METROPOLITAN SOUTH EAST REGION,,Arterial Other,"Arterial Other,Local Road",Metro,2019,0,2
3475649,T20190004225,Finished,4/3/2019,Yes,Collision with vehicle,Sunday,VEHICLE STRIKES ANOTHER VEH WHILE EMERGING FROM DRIVEWAY,No,Day,Yes,Not at intersection,Other injury accident,60 km/hr,No,145.02481,-37.90866,Non-Intersection,BAYSIDE,METROPOLITAN SOUTH EAST REGION,2,1,0,0,1,1,1,1,0,0,2,0,0,0,0,0,0,0,0,0,0,2,0,1,0,0,MELB_URBAN,MELB_URBAN,GLEN EIRA,METROPOLITAN SOUTH EAST REGION,,Local Road,Local Road,Metro,2019,0,3
3475650,T20190004229,Finished,5/3/2019,No,Collision with vehicle,Monday,REAR END(VEHICLES IN SAME LANE),No,Day,Yes,Not at intersection,Other injury accident,110 km/hr,No,144.57794,-37.69162,Non-Intersection,MELTON,METROPOLITAN NORTH WEST REGION,3,2,0,0,2,1,1,2,0,0,3,0,0,0,0,0,0,0,0,0,0,3,1,2,0,0,SMALL_CITIES,SMALL_CITIES,MELTON,METROPOLITAN NORTH WEST REGION,M,Freeway,Freeway,Metro,2019,0,3
3475651,T20190004231,Finished,5/3/2019,No,Collision with vehicle,Monday,REAR END(VEHICLES IN SAME LANE),No,Day,No,T intersection,Other injury accident,70 km/hr,No,144.98957,-37.82029,Intersection,MELBOURNE,METROPOLITAN NORTH WEST REGION,2,1,0,0,1,1,2,0,1,0,1,0,0,0,0,0,0,0,0,0,0,2,0,1,0,0,MELB_URBAN,MELB_URBAN,"YARRA,MELBOURNE",METROPOLITAN NORTH WEST REGION,,Arterial Highway,"Arterial Highway,Local Road",Metro,2019,0,3
3475652,T20190004232,Finished,5/3/2019,No,Collision with vehicle,Monday,RIGHT TURN SIDESWIPE,No,Day,Yes,T intersection,Other injury accident,60 km/hr,No,145.05996,-37.81419,Intersection,BOROONDARA,METROPOLITAN SOUTH EAST REGION,2,2,0,0,2,0,0,2,0,0,2,0,0,0,0,0,0,0,1,0,0,2,0,2,0,0,MELB_URBAN,MELB_URBAN,BOROONDARA,METROPOLITAN SOUTH EAST REGION,,Arterial Other,"Arterial Other,Local Road",Metro,2019,0,3
3475653,T20190004241,Finished,4/3/2019,No,Collision with vehicle,Sunday,RIGHT FAR (INTERSECTIONS ONLY),Yes,Day,No,T intersection,Other injury accident,60 km/hr,No,144.33431,-38.17442,Intersection,GEELONG,SOUTH WESTERN REGION,2,1,0,0,1,1,1,0,1,0,0,0,0,0,1,0,1,0,0,0,0,2,0,0,0,0,LARGE_PROVINCIAL_CITIES,LARGE_PROVINCIAL_CITIES,GEELONG,SOUTH WESTERN REGION,,Local Road,Local Road,Country,2019,0,3
3475654,T20190004242,Finished,18/1/2019,No,Collision with vehicle,Thursday,REAR END(VEHICLES IN SAME LANE),No,Unk.,No,Not at intersection,Other injury accident,Not known,No,145.02818,-37.68969,Non-Intersection,WHITTLESEA,METROPOLITAN NORTH WEST REGION,2,1,0,0,1,1,2,0,0,0,2,0,0,0,0,0,0,0,0,1,0,2,0,2,0,0,MELB_URBAN,MELB_URBAN,WHITTLESEA,METROPOLITAN NORTH WEST REGION,,Arterial Other,Arterial Other,Metro,2019,0,1
3475655,T20190004246,Finished,5/3/2019,No,Collision with vehicle,Monday,REVERSING IN STREAM OF TRAFFIC,No,Day,Yes,Not at intersection,Other injury accident,50 km/hr,No,145.01358,-37.83332,Non-Intersection,STONNINGTON,METROPOLITAN SOUTH EAST REGION,1,1,0,0,1,0,0,1,0,0,1,0,0,0,0,0,0,0,1,0,0,2,0,2,0,0,MELB_URBAN,MELB_URBAN,STONNINGTON,METROPOLITAN SOUTH EAST REGION,,Local Road,Local Road,Metro,2019,0,3
3475656,T20190004252,Finished,3/3/2019,No,Collision with vehicle,Sunday,RIGHT REAR.,No,Day,No,Cross intersection,Other injury accident,40 km/hr,No,145.00379,-37.81904,Intersection,YARRA,METROPOLITAN NORTH WEST REGION,5,1,0,0,1,4,2,3,0,3,2,0,0,0,0,0,0,0,1,0,0,2,0,2,0,0,MELB_URBAN,MELB_URBAN,YARRA,METROPOLITAN NORTH WEST REGION,,Arterial Other,"Arterial Other,Local Road",Metro,2019,0,3
3475657,T20190004259,Finished,4/3/2019,Yes,Fall from or in moving vehicle,Sunday,OTHER ACCIDENTS-OFF STRAIGHT NOT INCLUDED IN DCAs 170-175,No,Day,Yes,T intersection,Other injury accident,50 km/hr,No,145.14416,-38.13636,Non-Intersection,FRANKSTON,METROPOLITAN SOUTH EAST REGION,1,1,0,0,1,0,1,0,0,0,0,0,0,1,0,0,0,0,0,0,0,1,0,0,1,0,MELB_URBAN,MELB_URBAN,FRANKSTON,METROPOLITAN SOUTH EAST REGION,,Local Road,Local Road,Metro,2019,0,3
3475658,T20190004260,Finished,4/3/2019,Yes,Collision with vehicle,Sunday,REAR END(VEHICLES IN SAME LANE),No,Day,No,Not at intersection,Other injury accident,100 km/hr,No,145.09981,-37.78433,Non-Intersection,BOROONDARA,METROPOLITAN SOUTH EAST REGION,3,2,0,0,2,1,1,2,0,1,2,0,0,0,0,0,0,0,0,0,0,2,0,2,0,0,MELB_URBAN,MELB_URBAN,BOROONDARA,METROPOLITAN SOUTH EAST REGION,M,Freeway,Freeway,Metro,2019,0,3
3475659,T20190004262,Finished,1/3/2019,Yes,Fall from or in moving vehicle,Thursday,OTHER ACCIDENTS-OFF STRAIGHT NOT INCLUDED IN DCAs 170-175,No,Dark Street lights unknown,No,Not at intersection,Other injury accident,60 km/hr,No,143.65417,-37.66889,Intersection,GOLDEN PLAINS,SOUTH WESTERN REGION,1,1,0,0,1,0,1,0,0,0,0,0,0,1,0,0,0,0,0,0,0,1,0,0,1,0,RURAL_VICTORIA,RURAL_VICTORIA,GOLDEN PLAINS,SOUTH WESTERN REGION,B,Arterial Highway,"Arterial Highway,Local Road",Country,2019,0,3
3475660,T20190004272,Finished,5/3/2019,No,Collision with vehicle,Monday,LEAVING PARKING,No,Day,Yes,Not at intersection,Serious injury accident,Other speed limit,No,145.32337,-38.01407,Off Road,CASEY,METROPOLITAN SOUTH EAST REGION,1,1,0,1,0,0,0,1,0,0,1,0,0,0,0,0,0,0,0,0,0,2,0,2,0,0,MELB_URBAN,MELB_URBAN,CASEY,METROPOLITAN SOUTH EAST REGION,,,,Metro,2019,0,3
3475661,T20190004274,Finished,5/3/2019,Yes,Collision with vehicle,Monday,RIGHT THROUGH,No,Day,Yes,Cross intersection,Other injury accident,50 km/hr,No,144.94749,-37.83898,Intersection,PORT PHILLIP,METROPOLITAN NORTH WEST REGION,3,1,0,0,1,2,1,2,0,0,3,0,0,0,0,0,0,0,0,0,0,3,0,3,0,0,MELB_URBAN,MELB_URBAN,PORT PHILLIP,METROPOLITAN NORTH WEST REGION,,Local Road,Local Road,Metro,2019,0,3