OBJECTID,ACCIDENT_NO,ACCIDENT_STATUS,ACCIDENT_DATE,ALCOHOLTIME,ACCIDENT_TYPE,DAY_OF_WEEK,DCA_CODE,HIT_RUN_FLAG,LIGHT_CONDITION,POLICE_ATTEND,ROAD_GEOMETRY,SEVERITY,SPEED_ZONE,RUN_OFFROAD,LONGITUDE,LATITUDE,NODE_TYPE,LGA_NAME,REGION_NAME,TOTAL_PERSONS,INJ_OR_FATAL,FATALITY,SERIOUSINJURY,OTHERINJURY,NONINJURED,MALES,FEMALES,BICYCLIST,PASSENGER,DRIVER,PEDESTRIAN,PILLION,MOTORIST,UNKNOWN,PED_CYCLIST_5_12,PED_CYCLIST_13_18,OLD_PEDESTRIAN,OLD_DRIVER,YOUNG_DRIVER,UNLICENCSED,NO_OF_VEHICLES,HEAVYVEHICLE,PASSENGERVEHICLE,MOTORCYCLE,PUBLICVEHICLE,DEG_URBAN_NAME,DEG_URBAN_ALL,LGA_NAME_ALL,REGION_NAME_ALL,SRNS_ALL,RMA,RMA_ALL,STAT_DIV_NAME,Year,ALCOHOL_RELATED,Month
3476602,T20190002538,Finished,9/2/2019,Yes,Collision with a fixed object,Saturday,RIGHT OFF CARRIAGEWAY INTO OBJECT/PARKED VEHICLE,No,Dark Street lights on,Yes,Not at intersection,Other injury accident,80 km/hr,Yes,145.01013,-37.90788,Non-Intersection,BAYSIDE,METROPOLITAN SOUTH EAST REGION,1,1,0,0,1,0,1,0,0,0,0,0,0,1,0,0,0,0,0,0,0,1,0,0,1,0,MELB_URBAN,MELB_URBAN,BAYSIDE,METROPOLITAN SOUTH EAST REGION,,Arterial Highway,Arterial Highway,Metro,2019,0,2
3476603,T20190002539,Finished,9/2/2019,Yes,Struck Pedestrian,Friday,PED NEAR SIDE. PED HIT BY VEHICLE FROM THE RIGHT.,No,Day,Yes,Not at intersection,Serious injury accident,60 km/hr,No,144.65269,-37.90236,Non-Intersection,WYNDHAM,METROPOLITAN NORTH WEST REGION,2,1,0,1,0,1,2,0,0,0,1,1,0,0,0,0,0,0,0,1,0,1,0,1,0,0,MELB_URBAN,MELB_URBAN,WYNDHAM,METROPOLITAN NORTH WEST REGION,C,Arterial Other,Arterial Other,Metro,2019,0,2
3476604,T20190002540,Finished,10/2/2019,Yes,Collision with a fixed object,Sunday,LEFT OFF CARRIAGEWAY INTO OBJECT/PARKED VEHICLE,No,Dark No street lights,Yes,T intersection,Serious injury accident,100 km/hr,Yes,144.29208,-37.04984,Non-Intersection,MOUNT ALEXANDER,NORTHERN REGION,1,1,0,1,0,0,1,0,0,0,1,0,0,0,0,0,0,0,0,0,0,1,0,1,0,0,RURAL_VICTORIA,RURAL_VICTORIA,MOUNT ALEXANDER,NORTHERN REGION,M,Freeway,"Freeway,Local Road",Country,2019,0,2
3476605,T20190002542,Finished,9/2/2019,Yes,Collision with vehicle,Saturday,CROSS TRAFFIC(INTERSECTIONS ONLY),No,Dark Street lights on,Yes,Cross intersection,Other injury accident,50 km/hr,No,144.79945,-37.73444,Intersection,BRIMBANK,METROPOLITAN NORTH WEST REGION,8,3,0,0,3,5,4,4,0,5,3,0,0,0,0,0,0,0,0,1,0,3,0,3,0,0,MELB_URBAN,MELB_URBAN,BRIMBANK,METROPOLITAN NORTH WEST REGION,,Local Road,Local Road,Metro,2019,0,2
3476606,T20190002543,Finished,10/2/2019,Yes,Collision with vehicle,Sunday,RIGHT THROUGH,No,Dark Street lights on,Yes,Cross intersection,Serious injury accident,50 km/hr,No,144.99656,-37.83484,Intersection,STONNINGTON,METROPOLITAN SOUTH EAST REGION,2,1,0,1,0,1,1,1,0,0,1,0,0,0,1,0,0,0,0,1,0,2,0,1,1,0,MELB_URBAN,MELB_URBAN,STONNINGTON,METROPOLITAN SOUTH EAST REGION,,Arterial Other,Arterial Other,Metro,2019,0,2
3476607,T20190002547,Finished,10/2/2019,No,Collision with a fixed object,,LEFT OFF CARRIAGEWAY INTO OBJECT/PARKED VEHICLE,No,Dark Street lights on,Yes,T intersection,Other injury accident,60 km/hr,Yes,145.28612,-37.85274,Intersection,KNOX,METROPOLITAN SOUTH EAST REGION,1,1,0,0,1,0,0,1,0,0,1,0,0,0,0,0,0,0,0,0,0,1,0,1,0,0,MELB_URBAN,MELB_URBAN,KNOX,METROPOLITAN SOUTH EAST REGION,,Arterial Other,"Arterial Other,Local Road",Metro,2019,0,2
3476608,T20190002548,Finished,9/2/2019,Yes,Collision with a fixed object,Saturday,OFF LEFT BEND INTO OBJECT/PARKED VEHICLE,No,Day,Yes,Not at intersection,Serious injury accident,100 km/hr,Yes,143.18308,-36.6853,Non-Intersection,NORTHERN GRAMPIANS,WESTERN REGION,1,1,0,1,0,0,1,0,0,0,0,0,0,1,0,0,0,0,0,0,0,1,0,0,1,0,RURAL_VICTORIA,RURAL_VICTORIA,NORTHERN GRAMPIANS,WESTERN REGION,C,Arterial Other,Arterial Other,Country,2019,0,2
3476609,T20190002549,Finished,10/2/2019,No,collision with some other object,,STRUCK OBJECT ON CARRIAGEWAY,No,Day,Yes,Not at intersection,Other injury accident,60 km/hr,No,144.61751,-38.26553,Non-Intersection,GEELONG,SOUTH WESTERN REGION,1,1,0,0,1,0,1,0,1,0,0,0,0,0,0,0,0,0,0,0,0,1,0,0,0,0,RURAL_VICTORIA,RURAL_VICTORIA,GEELONG,SOUTH WESTERN REGION,B,Arterial Highway,Arterial Highway,Country,2019,0,2
3476610,T20190002555,Finished,10/2/2019,No,Collision with vehicle,,VEHICLE STRIKES ANOTHER VEH WHILE EMERGING FROM DRIVEWAY,No,Day,Yes,T intersection,Other injury accident,60 km/hr,No,145.28826,-37.79691,Non-Intersection,MAROONDAH,METROPOLITAN SOUTH EAST REGION,2,1,0,0,1,1,0,2,0,0,2,0,0,0,0,0,0,0,0,1,0,2,0,2,0,0,MELB_URBAN,MELB_URBAN,MAROONDAH,METROPOLITAN SOUTH EAST REGION,,Local Road,Local Road,Metro,2019,0,2
3476611,T20190002558,Finished,10/2/2019,No,Collision with vehicle,,CROSS TRAFFIC(INTERSECTIONS ONLY),No,Day,Yes,Cross intersection,Other injury accident,80 km/hr,No,145.17854,-38.09218,Intersection,FRANKSTON,METROPOLITAN SOUTH EAST REGION,3,1,0,0,1,2,0,3,0,1,2,0,0,0,0,0,0,0,0,1,0,2,0,2,0,0,MELB_URBAN,MELB_URBAN,FRANKSTON,METROPOLITAN SOUTH EAST REGION,,Arterial Highway,"Arterial Highway,Local Road",Metro,2019,0,2
3476612,T20190002559,Finished,10/2/2019,No,Collision with vehicle,,REAR END(VEHICLES IN SAME LANE),No,Day,Yes,T intersection,Serious injury accident,60 km/hr,No,145.02682,-37.89797,Non-Intersection,GLEN EIRA,METROPOLITAN SOUTH EAST REGION,3,1,0,1,0,2,0,2,0,0,2,0,0,0,1,0,0,0,1,0,0,3,0,2,0,0,MELB_URBAN,MELB_URBAN,GLEN EIRA,METROPOLITAN SOUTH EAST REGION,,Local Road,Local Road,Metro,2019,0,2
3476613,T20190003166,Finished,18/2/2019,Yes,Collision with vehicle,Sunday,LEFT REAR,No,Dark No street lights,Yes,Cross intersection,Other injury accident,100 km/hr,No,145.33884,-36.42552,Intersection,SHEPPARTON,NORTH EASTERN REGION,2,2,0,0,2,0,2,0,0,0,2,0,0,0,0,0,0,0,0,2,0,2,0,2,0,0,RURAL_VICTORIA,RURAL_VICTORIA,SHEPPARTON,NORTH EASTERN REGION,C,Arterial Other,"Arterial Other,Local Road",Country,2019,0,2
3476614,T20190003169,Finished,17/2/2019,No,Collision with a fixed object,Sunday,LEFT OFF CARRIAGEWAY INTO OBJECT/PARKED VEHICLE,No,Day,Yes,Not at intersection,Serious injury accident,60 km/hr,Yes,145.08573,-37.90606,Non-Intersection,MONASH,METROPOLITAN SOUTH EAST REGION,3,1,0,1,0,2,0,3,0,2,1,0,0,0,0,0,0,0,0,0,0,1,0,1,0,0,MELB_URBAN,MELB_URBAN,MONASH,METROPOLITAN SOUTH EAST REGION,,Arterial Highway,Arterial Highway,Metro,2019,0,2
3476615,T20190003171,Finished,18/2/2019,No,Collision with vehicle,Monday,RIGHT THROUGH,No,Day,Yes,T intersection,Other injury accident,80 km/hr,No,145.28544,-37.92503,Intersection,KNOX,METROPOLITAN SOUTH EAST REGION,2,1,0,0,1,1,2,0,0,0,2,0,0,0,0,0,0,0,0,1,0,2,0,2,0,0,RURAL_VICTORIA,RURAL_VICTORIA,KNOX,METROPOLITAN SOUTH EAST REGION,C,Arterial Other,Arterial Other,Metro,2019,0,2
3476616,T20190003175,Finished,19/2/2019,No,Collision with vehicle,Tuesday,LEFT THROUGH,Yes,Day,Yes,T intersection,Other injury accident,50 km/hr,No,145.28293,-38.06647,Intersection,CASEY,METROPOLITAN SOUTH EAST REGION,5,1,0,0,1,4,0,2,0,3,1,0,0,0,1,0,0,0,0,0,0,2,0,1,0,0,MELB_URBAN,MELB_URBAN,CASEY,METROPOLITAN SOUTH EAST REGION,,Local Road,Local Road,Metro,2019,0,2
3476617,T20190003181,Finished,19/2/2019,No,Collision with vehicle,Monday,CROSS TRAFFIC(INTERSECTIONS ONLY),No,Day,Yes,Cross intersection,Other injury accident,50 km/hr,No,145.02142,-37.75936,Intersection,DAREBIN,METROPOLITAN NORTH WEST REGION,3,2,0,0,2,1,2,1,0,1,2,0,0,0,0,0,0,0,0,1,0,2,0,2,0,0,MELB_URBAN,MELB_URBAN,DAREBIN,METROPOLITAN NORTH WEST REGION,,Arterial Other,"Arterial Other,Local Road",Metro,2019,0,2
3476618,T20190003183,Finished,18/2/2019,No,Vehicle overturned (no collision),Sunday,OFF CARRIAGEWAY ON RIGHT BEND,No,Day,Yes,Not at intersection,Other injury accident,80 km/hr,Yes,145.66408,-37.82861,Non-Intersection,YARRA RANGES,METROPOLITAN SOUTH EAST REGION,1,1,0,0,1,0,1,0,0,0,1,0,0,0,0,0,0,0,0,0,0,1,0,1,0,0,RURAL_VICTORIA,RURAL_VICTORIA,YARRA RANGES,METROPOLITAN SOUTH EAST REGION,C,Arterial Other,Arterial Other,Metro,2019,0,2
3476619,T20190003185,Finished,17/2/2019,No,Collision with vehicle,Sunday,RIGHT THROUGH,No,Day,No,T intersection,Other injury accident,60 km/hr,No,145.00095,-37.946,Intersection,BAYSIDE,METROPOLITAN SOUTH EAST REGION,2,1,0,0,1,1,2,0,1,0,1,0,0,0,0,0,0,0,0,0,0,2,0,1,0,0,MELB_URBAN,MELB_URBAN,BAYSIDE,METROPOLITAN SOUTH EAST REGION,,Arterial Other,"Arterial Other,Local Road",Metro,2019,0,2
3476620,T20190003186,Finished,19/2/2019,No,Collision with vehicle,Monday,RIGHT/LEFT FAR (INTERSECTIONS ONLY),No,Day,Yes,T intersection,Other injury accident,50 km/hr,No,144.95422,-37.75978,Intersection,MORELAND,METROPOLITAN NORTH WEST REGION,2,1,0,0,1,1,1,1,1,0,1,0,0,0,0,0,0,0,0,0,0,2,0,1,0,0,MELB_URBAN,MELB_URBAN,MORELAND,METROPOLITAN NORTH WEST REGION,,Local Road,Local Road,Metro,2019,0,2
3476621,T20190003189,Finished,19/2/2019,No,Collision with vehicle,Monday,REAR END(VEHICLES IN SAME LANE),No,Day,Yes,Not at intersection,Serious injury accident,70 km/hr,No,145.13558,-37.62086,Non-Intersection,NILLUMBIK,METROPOLITAN NORTH WEST REGION,4,1,0,1,0,3,1,3,0,1,3,0,0,0,0,0,0,0,1,0,0,3,0,3,0,0,MELB_URBAN,MELB_URBAN,NILLUMBIK,METROPOLITAN NORTH WEST REGION,,Arterial Other,Arterial Other,Metro,2019,0,2
3476622,T20190003193,Finished,15/2/2019,No,Struck Pedestrian,Friday,ANY MANOEUVRE INVOLVING PED NOT INCLUDED IN DCAs 100-108.,No,Day,Yes,Not at intersection,Other injury accident,40 km/hr,No,145.01328,-38.26721,Non-Intersection,MORNINGTON,METROPOLITAN SOUTH EAST REGION,2,1,0,0,1,1,1,1,0,0,1,1,0,0,0,0,0,1,1,0,0,1,0,1,0,0,MELB_URBAN,MELB_URBAN,MORNINGTON PENINSULA,METROPOLITAN SOUTH EAST REGION,,Local Road,Local Road,Metro,2019,0,2
3476623,T20190003201,Finished,19/2/2019,No,Collision with vehicle,Tuesday,RIGHT NEAR (INTERSECTIONS ONLY),No,Day,Yes,Cross intersection,Other injury accident,60 km/hr,No,144.28425,-36.75551,Intersection,BENDIGO,NORTHERN REGION,2,1,0,0,1,1,0,2,0,0,2,0,0,0,0,0,0,0,0,1,0,2,0,2,0,0,LARGE_PROVINCIAL_CITIES,LARGE_PROVINCIAL_CITIES,BENDIGO,NORTHERN REGION,"A,B,C",Arterial Highway,"Arterial Highway,Arterial Other",Country,2019,0,2
3476624,T20190003204,Finished,17/2/2019,Yes,Collision with vehicle,Sunday,CROSS TRAFFIC(INTERSECTIONS ONLY),No,Dusk/Dawn,Yes,Cross intersection,Serious injury accident,80 km/hr,No,145.24156,-37.85722,Intersection,KNOX,METROPOLITAN SOUTH EAST REGION,2,1,0,1,0,1,1,1,0,0,2,0,0,0,0,0,0,0,0,0,0,2,1,1,0,0,MELB_URBAN,MELB_URBAN,KNOX,METROPOLITAN SOUTH EAST REGION,,Arterial Other,"Arterial Other,Local Road",Metro,2019,0,2
3476625,T20190003206,Finished,19/2/2019,No,Collision with a fixed object,Monday,OFF RIGHT BEND INTO OBJECT/PARKED VEHICLE,No,Day,Yes,Not at intersection,Other injury accident,80 km/hr,Yes,146.04371,-37.88701,Non-Intersection,BAW BAW,EASTERN REGION,3,3,0,0,3,0,0,2,0,2,1,0,0,0,0,0,0,0,0,0,0,1,0,1,0,0,RURAL_VICTORIA,RURAL_VICTORIA,BAW BAW,"EASTERN REGION,EASTERN REGION",C,Arterial Other,Arterial Other,Country,2019,0,2
3476626,T20190001347,Finished,23/1/2019,No,Collision with a fixed object,Wednesday,LEFT OFF CARRIAGEWAY INTO OBJECT/PARKED VEHICLE,No,Day,Yes,Not at intersection,Other injury accident,50 km/hr,Yes,144.73383,-37.75135,Non-Intersection,MELTON,METROPOLITAN NORTH WEST REGION,1,1,0,0,1,0,0,1,0,0,1,0,0,0,0,0,0,0,0,0,0,1,0,1,0,0,MELB_URBAN,MELB_URBAN,MELTON,METROPOLITAN NORTH WEST REGION,,Local Road,Local Road,Metro,2019,0,1
3476627,T20190001348,Finished,23/1/2019,No,Struck Pedestrian,Tuesday,PED NEAR SIDE. PED HIT BY VEHICLE FROM THE RIGHT.,No,Day,Yes,Not at intersection,Other injury accident,50 km/hr,No,144.9518,-37.79708,Non-Intersection,MELBOURNE,METROPOLITAN NORTH WEST REGION,2,1,0,0,1,1,0,1,0,0,1,1,0,0,0,0,1,0,0,0,0,1,0,1,0,0,MELB_URBAN,MELB_URBAN,MELBOURNE,METROPOLITAN NORTH WEST REGION,,Arterial Other,Arterial Other,Metro,2019,0,1
3476628,T20190001350,Finished,23/1/2019,No,Collision with vehicle,Wednesday,REVERSING IN STREAM OF TRAFFIC,No,Day,Yes,Cross intersection,Other injury accident,80 km/hr,No,144.99899,-37.88627,Intersection,BAYSIDE,METROPOLITAN SOUTH EAST REGION,2,1,0,0,1,1,0,2,0,0,1,0,0,1,0,0,0,0,0,0,0,2,0,1,1,0,MELB_URBAN,MELB_URBAN,BAYSIDE,METROPOLITAN SOUTH EAST REGION,,Arterial Highway,"Arterial Highway,Local Road",Metro,2019,0,1
3476629,T20190001352,Finished,23/1/2019,No,Collision with vehicle,Tuesday,REAR END(VEHICLES IN SAME LANE),No,Day,Yes,T intersection,Serious injury accident,60 km/hr,No,144.99114,-37.83348,Intersection,STONNINGTON,METROPOLITAN SOUTH EAST REGION,2,1,0,1,0,1,2,0,0,0,1,0,0,1,0,0,0,0,0,0,0,2,0,1,1,0,MELB_URBAN,MELB_URBAN,STONNINGTON,METROPOLITAN SOUTH EAST REGION,,Arterial Other,"Arterial Other,Local Road",Metro,2019,0,1
3476630,T20190001355,Finished,23/1/2019,No,collision with some other object,Tuesday,TEMPORARY ROADWORKS,No,Day,Yes,Not at intersection,Other injury accident,40 km/hr,No,142.52249,-37.88451,Non-Intersection,MOYNE,SOUTH WESTERN REGION,1,1,0,0,1,0,1,0,0,0,1,0,0,0,0,0,0,0,0,0,0,1,1,0,0,0,RURAL_VICTORIA,RURAL_VICTORIA,MOYNE,SOUTH WESTERN REGION,,Local Road,Local Road,Country,2019,0,1
3476631,T20190001358,Finished,23/1/2019,No,Collision with a fixed object,Wednesday,RIGHT OFF CARRIAGEWAY INTO OBJECT/PARKED VEHICLE,No,Day,Yes,Not at intersection,Serious injury accident,60 km/hr,Yes,145.30475,-38.08571,Non-Intersection,CASEY,METROPOLITAN SOUTH EAST REGION,1,1,0,1,0,0,0,1,0,0,1,0,0,0,0,0,0,0,0,1,0,1,0,1,0,0,MELB_URBAN,MELB_URBAN,CASEY,METROPOLITAN SOUTH EAST REGION,,Arterial Other,Arterial Other,Metro,2019,0,1
3476632,T20190001364,Finished,23/1/2019,No,Collision with vehicle,Tuesday,RIGHT NEAR (INTERSECTIONS ONLY),No,Day,Yes,T intersection,Other injury accident,60 km/hr,No,145.15427,-37.88779,Intersection,MONASH,METROPOLITAN SOUTH EAST REGION,5,3,0,0,3,2,3,1,0,3,2,0,0,0,0,0,0,0,0,0,0,2,0,2,0,0,MELB_URBAN,MELB_URBAN,MONASH,METROPOLITAN SOUTH EAST REGION,,Arterial Other,"Arterial Other,Local Road",Metro,2019,0,1
3476633,T20190001365,Reopened,23/1/2019,No,Collision with vehicle,Wednesday,HEAD ON (NOT OVERTAKING),No,Day,Yes,Not at intersection,Serious injury accident,60 km/hr,No,147.27054,-36.85092,Non-Intersection,(FALLS CREEK),NORTH EASTERN REGION,2,1,0,1,0,1,2,0,0,0,1,0,0,1,0,0,0,0,0,0,0,2,0,1,1,0,RURAL_VICTORIA,RURAL_VICTORIA,(FALLS CREEK),NORTH EASTERN REGION,C,Arterial Other,Arterial Other,Country,2019,0,1
3476634,T20190001367,Finished,23/1/2019,No,Collision with a fixed object,Tuesday,LEFT OFF CARRIAGEWAY INTO OBJECT/PARKED VEHICLE,No,Day,Yes,Not at intersection,Serious injury accident,100 km/hr,Yes,145.03241,-37.56561,Non-Intersection,WHITTLESEA,METROPOLITAN NORTH WEST REGION,1,1,0,1,0,0,1,0,0,0,1,0,0,0,0,0,0,0,0,0,0,1,0,1,0,0,RURAL_VICTORIA,RURAL_VICTORIA,WHITTLESEA,METROPOLITAN NORTH WEST REGION,C,Arterial Other,Arterial Other,Metro,2019,0,1
3476635,T20190001368,Finished,23/1/2019,No,Collision with vehicle,Tuesday,RIGHT FAR (INTERSECTIONS ONLY),No,Day,Yes,Cross intersection,Other injury accident,80 km/hr,No,145.31031,-38.027,Intersection,CASEY,METROPOLITAN SOUTH EAST REGION,7,1,0,0,1,6,2,5,0,5,2,0,0,0,0,0,0,0,0,1,0,2,0,2,0,0,MELB_URBAN,MELB_URBAN,CASEY,METROPOLITAN SOUTH EAST REGION,,Arterial Highway,"Arterial Highway,Local Road",Metro,2019,0,1
3476636,T20190001371,Finished,23/1/2019,No,Collision with vehicle,Wednesday,RIGHT THROUGH,No,Day,Yes,T intersection,Fatal accident,80 km/hr,No,145.2879,-37.81825,Intersection,MAROONDAH,METROPOLITAN SOUTH EAST REGION,2,1,1,0,0,1,2,0,0,0,2,0,0,0,0,0,0,0,1,0,0,2,1,1,0,0,MELB_URBAN,MELB_URBAN,MAROONDAH,METROPOLITAN SOUTH EAST REGION,,Arterial Other,"Arterial Other,Local Road",Metro,2019,0,1
3476637,T20190001373,Finished,23/1/2019,No,Collision with vehicle,Tuesday,RIGHT REAR.,No,Day,Yes,Cross intersection,Other injury accident,60 km/hr,No,145.41256,-36.36805,Intersection,SHEPPARTON,NORTH EASTERN REGION,2,2,0,0,2,0,1,1,0,0,2,0,0,0,0,0,0,0,0,1,0,2,0,2,0,0,SMALL_CITIES,SMALL_CITIES,SHEPPARTON,NORTH EASTERN REGION,C,Arterial Other,"Arterial Other,Local Road",Country,2019,0,1
3476638,T20190001376,Finished,23/1/2019,Yes,Struck Pedestrian,Tuesday,PED ON FOOTHPATH STRUCK BY VEHENTERING/LEAVING DRIVEWAY.,No,Day,Yes,Not at intersection,Other injury accident,50 km/hr,No,144.94477,-37.79828,Non-Intersection,MELBOURNE,METROPOLITAN NORTH WEST REGION,3,1,0,0,1,2,2,1,0,1,1,1,0,0,0,1,0,0,0,0,0,1,0,1,0,0,MELB_URBAN,MELB_URBAN,MELBOURNE,METROPOLITAN NORTH WEST REGION,,Local Road,Local Road,Metro,2019,0,1
3476639,T20190001934,Finished,31/1/2019,No,Collision with vehicle,Wednesday,RIGHT THROUGH,No,Day,Yes,T intersection,Other injury accident,60 km/hr,No,144.59492,-37.68375,Intersection,MELTON,METROPOLITAN NORTH WEST REGION,3,3,0,0,3,0,2,1,0,1,2,0,0,0,0,0,0,0,0,1,0,2,0,2,0,0,SMALL_CITIES,SMALL_CITIES,MELTON,METROPOLITAN NORTH WEST REGION,C,Arterial Other,"Arterial Other,Local Road",Metro,2019,0,1
3476640,T20190001940,Finished,1/2/2019,No,Fall from or in moving vehicle,Friday,OTHER ACCIDENTS-OFF STRAIGHT NOT INCLUDED IN DCAs 170-175,No,Day,Yes,Not at intersection,Other injury accident,60 km/hr,No,145.33418,-37.55698,Non-Intersection,NILLUMBIK,METROPOLITAN NORTH WEST REGION,1,1,0,0,1,0,1,0,0,0,0,0,0,1,0,0,0,0,0,0,0,1,0,0,1,0,RURAL_VICTORIA,RURAL_VICTORIA,NILLUMBIK,METROPOLITAN NORTH WEST REGION,C,Arterial Other,Arterial Other,Metro,2019,0,2
3476641,T20190001944,Finished,26/1/2019,Yes,Vehicle overturned (no collision),Friday,OUT OF CONTROL ON CARRIAGEWAY (ON BEND),No,Day,No,Not at intersection,Other injury accident,Not known,No,145.88656,-37.16749,Non-Intersection,MANSFIELD,NORTH EASTERN REGION,1,1,0,0,1,0,1,0,0,0,0,0,0,1,0,0,0,0,0,0,0,1,0,0,1,0,RURAL_VICTORIA,RURAL_VICTORIA,MANSFIELD,NORTH EASTERN REGION,,Local Road,Local Road,Country,2019,0,1
3476642,T20190001945,Finished,1/2/2019,No,Collision with vehicle,Friday,LANE SIDE SWIPE (VEHICLES IN PARALLEL LANES),No,Unk.,No,Cross intersection,Other injury accident,Not known,No,144.69036,-37.83788,Non-Intersection,WYNDHAM,METROPOLITAN NORTH WEST REGION,2,1,0,0,1,1,2,0,0,0,2,0,0,0,0,0,0,0,0,0,0,2,0,2,0,0,MELB_URBAN,MELB_URBAN,WYNDHAM,METROPOLITAN NORTH WEST REGION,C,Arterial Other,Arterial Other,Metro,2019,0,2
3476643,T20190001949,Finished,1/2/2019,No,Collision with vehicle,Thursday,RIGHT THROUGH,No,Day,Yes,T intersection,Other injury accident,60 km/hr,No,145.13581,-37.83331,Intersection,WHITEHORSE,METROPOLITAN SOUTH EAST REGION,2,1,0,0,1,1,1,1,0,0,2,0,0,0,0,0,0,0,0,1,0,2,0,2,0,0,MELB_URBAN,MELB_URBAN,WHITEHORSE,METROPOLITAN SOUTH EAST REGION,,Arterial Other,"Arterial Other,Local Road",Metro,2019,0,2
3476644,T20190001953,Finished,1/2/2019,No,Collision with vehicle,Friday,REAR END(VEHICLES IN SAME LANE),No,Day,Yes,Not at intersection,Serious injury accident,60 km/hr,No,145.02822,-37.62642,Non-Intersection,WHITTLESEA,METROPOLITAN NORTH WEST REGION,5,1,0,1,0,4,4,1,0,1,4,0,0,0,0,0,0,0,0,1,0,4,0,4,0,0,MELB_URBAN,MELB_URBAN,WHITTLESEA,METROPOLITAN NORTH WEST REGION,C,Arterial Other,Arterial Other,Metro,2019,0,2
3476645,T20190001958,Finished,29/1/2019,No,Collision with a fixed object,Tuesday,OFF LEFT BEND INTO OBJECT/PARKED VEHICLE,No,Unk.,No,Not at intersection,Other injury accident,100 km/hr,Yes,146.27917,-38.32917,Non-Intersection,LATROBE,EASTERN REGION,1,1,0,0,1,0,1,0,0,0,1,0,0,0,0,0,0,0,0,0,0,1,0,1,0,0,RURAL_VICTORIA,RURAL_VICTORIA,LATROBE,"EASTERN REGION,EASTERN REGION",,Local Road,Local Road,Country,2019,0,1
3476646,T20190001961,Finished,1/2/2019,No,Collision with vehicle,Friday,RIGHT THROUGH,No,Day,Yes,Not at intersection,Other injury accident,70 km/hr,No,144.82355,-37.82351,Non-Intersection,WYNDHAM,METROPOLITAN NORTH WEST REGION,2,1,0,0,1,1,1,1,0,0,2,0,0,0,0,0,0,0,0,0,0,2,1,1,0,0,MELB_URBAN,MELB_URBAN,WYNDHAM,METROPOLITAN NORTH WEST REGION,,Arterial Other,Arterial Other,Metro,2019,0,2
3476647,T20190001963,Finished,1/2/2019,No,Collision with vehicle,Friday,OTHER MANOEUVRING NOT INCLUDED IN DCAs 140-148,No,Day,Yes,T intersection,Other injury accident,80 km/hr,No,144.96209,-37.64501,Intersection,HUME,METROPOLITAN NORTH WEST REGION,7,1,0,0,1,6,5,2,0,3,4,0,0,0,0,0,0,0,0,0,0,4,1,3,0,0,MELB_URBAN,MELB_URBAN,HUME,METROPOLITAN NORTH WEST REGION,,Arterial Other,Arterial Other,Metro,2019,0,2
3476648,T20190001967,Finished,31/1/2019,Yes,Collision with a fixed object,Wednesday,OUT OF CONTROL (OVERTAKING),No,Dark Street lights on,No,T intersection,Other injury accident,40 km/hr,Yes,144.99937,-37.80851,Intersection,YARRA,METROPOLITAN NORTH WEST REGION,3,1,0,0,1,2,1,0,0,0,0,0,0,1,2,0,0,0,0,0,0,2,0,0,1,0,MELB_URBAN,MELB_URBAN,YARRA,METROPOLITAN NORTH WEST REGION,,Local Road,Local Road,Metro,2019,0,1
3476649,T20190001969,Finished,7/1/2019,No,Struck Pedestrian,Monday,ANY MANOEUVRE INVOLVING PED NOT INCLUDED IN DCAs 100-108.,No,Day,Yes,Cross intersection,Other injury accident,60 km/hr,No,144.9459,-37.80053,Intersection,MELBOURNE,METROPOLITAN NORTH WEST REGION,2,1,0,0,1,1,1,1,0,0,1,1,0,0,0,0,0,0,0,0,0,1,0,0,0,1,MELB_URBAN,MELB_URBAN,MELBOURNE,METROPOLITAN NORTH WEST REGION,,Local Road,Local Road,Metro,2019,0,1
3476650,T20190001978,Finished,1/2/2019,Yes,Collision with vehicle,Friday,REAR END(VEHICLES IN SAME LANE),No,Day,Yes,Not at intersection,Serious injury accident,80 km/hr,No,145.18532,-37.95881,Non-Intersection,DANDENONG,METROPOLITAN SOUTH EAST REGION,3,1,0,1,0,2,2,1,0,0,3,0,0,0,0,0,0,0,0,0,0,3,0,3,0,0,MELB_URBAN,MELB_URBAN,DANDENONG,METROPOLITAN SOUTH EAST REGION,,Arterial Highway,Arterial Highway,Metro,2019,0,2
3476651,T20190001981,Finished,1/2/2019,Yes,Collision with a fixed object,Friday,PERMANENT OBSTRUCTION ON CARRIAGEWAY,No,Day,Yes,Not at intersection,Other injury accident,100 km/hr,No,147.05922,-38.02514,Non-Intersection,WELLINGTON,EASTERN REGION,4,4,0,0,4,0,0,4,0,3,1,0,0,0,0,0,0,0,0,0,0,1,0,1,0,0,RURAL_VICTORIA,RURAL_VICTORIA,WELLINGTON,"EASTERN REGION,EASTERN REGION",A,Arterial Highway,Arterial Highway,Country,2019,0,2